mouseMove	window	Applications en cours d’exécution	widget	65790	date	2020 03 31 - 14:43:41	timeStampS	1585658621.376	injected	0	xPix	203	yPix	1062	wheel	0	
mouseMove	window	Applications en cours d’exécution	widget	65790	date	2020 03 31 - 14:43:41	timeStampS	1585658621.391	injected	0	xPix	206	yPix	1062	wheel	0	
mouseMove	window	Applications en cours d’exécution	widget	65790	date	2020 03 31 - 14:43:41	timeStampS	1585658621.407	injected	0	xPix	211	yPix	1062	wheel	0	
mouseMove	window	Applications en cours d’exécution	widget	65790	date	2020 03 31 - 14:43:41	timeStampS	1585658621.423	injected	0	xPix	217	yPix	1062	wheel	0	
mouseMove	window	Applications en cours d’exécution	widget	65790	date	2020 03 31 - 14:43:41	timeStampS	1585658621.438	injected	0	xPix	228	yPix	1060	wheel	0	
mouseMove	window	Applications en cours d’exécution	widget	65790	date	2020 03 31 - 14:43:41	timeStampS	1585658621.454	injected	0	xPix	245	yPix	1054	wheel	0	
mouseMove	window	Applications en cours d’exécution	widget	65790	date	2020 03 31 - 14:43:41	timeStampS	1585658621.469	injected	0	xPix	268	yPix	1046	wheel	0	
mouseMove	window	exe.win-amd64-3.7	widget	394574	date	2020 03 31 - 14:43:41	timeStampS	1585658621.485	injected	0	xPix	294	yPix	1036	wheel	0	
mouseMove	window	exe.win-amd64-3.7	widget	12125644	date	2020 03 31 - 14:43:41	timeStampS	1585658621.501	injected	0	xPix	318	yPix	1027	wheel	0	
mouseMove	window	exe.win-amd64-3.7	widget	12125644	date	2020 03 31 - 14:43:41	timeStampS	1585658621.516	injected	0	xPix	339	yPix	1018	wheel	0	
mouseMove	window	exe.win-amd64-3.7	widget	12125644	date	2020 03 31 - 14:43:41	timeStampS	1585658621.532	injected	0	xPix	356	yPix	1011	wheel	0	
mouseMove	window	Arborescence	widget	11142258	date	2020 03 31 - 14:43:41	timeStampS	1585658621.548	injected	0	xPix	368	yPix	1006	wheel	0	
mouseMove	window	Arborescence	widget	11142258	date	2020 03 31 - 14:43:41	timeStampS	1585658621.563	injected	0	xPix	380	yPix	1002	wheel	0	
mouseMove	window	Arborescence	widget	11142258	date	2020 03 31 - 14:43:41	timeStampS	1585658621.579	injected	0	xPix	388	yPix	999	wheel	0	
mouseMove	window	Arborescence	widget	11142258	date	2020 03 31 - 14:43:41	timeStampS	1585658621.594	injected	0	xPix	398	yPix	997	wheel	0	
mouseMove	window	Arborescence	widget	1312276	date	2020 03 31 - 14:43:41	timeStampS	1585658621.610	injected	0	xPix	410	yPix	993	wheel	0	
mouseMove	window	Arborescence	widget	1312276	date	2020 03 31 - 14:43:41	timeStampS	1585658621.626	injected	0	xPix	421	yPix	989	wheel	0	
mouseMove	window	Arborescence	widget	1312276	date	2020 03 31 - 14:43:41	timeStampS	1585658621.641	injected	0	xPix	434	yPix	986	wheel	0	
mouseMove	window	Arborescence	widget	1312276	date	2020 03 31 - 14:43:41	timeStampS	1585658621.657	injected	0	xPix	445	yPix	983	wheel	0	
mouseMove	window	Arborescence	widget	1312276	date	2020 03 31 - 14:43:41	timeStampS	1585658621.673	injected	0	xPix	456	yPix	980	wheel	0	
mouseMove	window	Arborescence	widget	1312276	date	2020 03 31 - 14:43:41	timeStampS	1585658621.688	injected	0	xPix	465	yPix	977	wheel	0	
mouseMove	window	Arborescence	widget	1312276	date	2020 03 31 - 14:43:41	timeStampS	1585658621.704	injected	0	xPix	475	yPix	974	wheel	0	
mouseMove	window	Arborescence	widget	1312276	date	2020 03 31 - 14:43:41	timeStampS	1585658621.719	injected	0	xPix	484	yPix	970	wheel	0	
mouseMove	window	Arborescence	widget	1312276	date	2020 03 31 - 14:43:41	timeStampS	1585658621.735	injected	0	xPix	492	yPix	967	wheel	0	
mouseMove	window	Arborescence	widget	1312276	date	2020 03 31 - 14:43:41	timeStampS	1585658621.751	injected	0	xPix	499	yPix	964	wheel	0	
mouseMove	window	Arborescence	widget	1312276	date	2020 03 31 - 14:43:41	timeStampS	1585658621.766	injected	0	xPix	504	yPix	961	wheel	0	
mouseMove	window	Arborescence	widget	1312276	date	2020 03 31 - 14:43:41	timeStampS	1585658621.782	injected	0	xPix	507	yPix	959	wheel	0	
mouseMove	window	Arborescence	widget	1312276	date	2020 03 31 - 14:43:41	timeStampS	1585658621.798	injected	0	xPix	509	yPix	958	wheel	0	
mouseLeftDown	window	Arborescence	widget	1312276	date	2020 03 31 - 14:43:41	timeStampS	1585658621.813	injected	0	xPix	509	yPix	958	wheel	0	
mouseLeftUp	window	Arborescence	widget	1312276	date	2020 03 31 - 14:43:41	timeStampS	1585658621.938	injected	0	xPix	509	yPix	958	wheel	0	
mouseMove	window	Arborescence	widget	1312276	date	2020 03 31 - 14:43:41	timeStampS	1585658621.985	injected	0	xPix	509	yPix	958	wheel	0	
mouseMove	window	Arborescence	widget	1312276	date	2020 03 31 - 14:43:42	timeStampS	1585658622.001	injected	0	xPix	509	yPix	958	wheel	0	
mouseMove	window	Arborescence	widget	1312276	date	2020 03 31 - 14:43:42	timeStampS	1585658622.016	injected	0	xPix	503	yPix	959	wheel	0	
mouseMove	window	Arborescence	widget	1312276	date	2020 03 31 - 14:43:42	timeStampS	1585658622.032	injected	0	xPix	495	yPix	961	wheel	0	
mouseMove	window	Arborescence	widget	1312276	date	2020 03 31 - 14:43:42	timeStampS	1585658622.048	injected	0	xPix	477	yPix	967	wheel	0	
mouseMove	window	Arborescence	widget	1312276	date	2020 03 31 - 14:43:42	timeStampS	1585658622.063	injected	0	xPix	454	yPix	974	wheel	0	
mouseMove	window	Arborescence	widget	1312276	date	2020 03 31 - 14:43:42	timeStampS	1585658622.079	injected	0	xPix	426	yPix	984	wheel	0	
mouseMove	window	Arborescence	widget	11142258	date	2020 03 31 - 14:43:42	timeStampS	1585658622.094	injected	0	xPix	392	yPix	996	wheel	0	
mouseMove	window	Arborescence	widget	12125644	date	2020 03 31 - 14:43:42	timeStampS	1585658622.110	injected	0	xPix	354	yPix	1010	wheel	0	
mouseMove	window	Arborescence	widget	12125644	date	2020 03 31 - 14:43:42	timeStampS	1585658622.126	injected	0	xPix	320	yPix	1024	wheel	0	
mouseMove	window	exe.win-amd64-3.7	widget	394574	date	2020 03 31 - 14:43:42	timeStampS	1585658622.141	injected	0	xPix	295	yPix	1033	wheel	0	
mouseMove	window	exe.win-amd64-3.7	widget	394574	date	2020 03 31 - 14:43:42	timeStampS	1585658622.157	injected	0	xPix	275	yPix	1039	wheel	0	
mouseMove	window	Applications en cours d’exécution	widget	65790	date	2020 03 31 - 14:43:42	timeStampS	1585658622.173	injected	0	xPix	264	yPix	1043	wheel	0	
mouseMove	window	Applications en cours d’exécution	widget	65790	date	2020 03 31 - 14:43:42	timeStampS	1585658622.188	injected	0	xPix	258	yPix	1043	wheel	0	
mouseMove	window	Applications en cours d’exécution	widget	65790	date	2020 03 31 - 14:43:42	timeStampS	1585658622.204	injected	0	xPix	253	yPix	1043	wheel	0	
mouseMove	window	Applications en cours d’exécution	widget	65790	date	2020 03 31 - 14:43:42	timeStampS	1585658622.219	injected	0	xPix	250	yPix	1044	wheel	0	
mouseMove	window	Applications en cours d’exécution	widget	65790	date	2020 03 31 - 14:43:42	timeStampS	1585658622.235	injected	0	xPix	247	yPix	1044	wheel	0	
mouseMove	window	Applications en cours d’exécution	widget	65790	date	2020 03 31 - 14:43:42	timeStampS	1585658622.251	injected	0	xPix	245	yPix	1045	wheel	0	
mouseMove	window	Applications en cours d’exécution	widget	65790	date	2020 03 31 - 14:43:42	timeStampS	1585658622.266	injected	0	xPix	244	yPix	1046	wheel	0	
mouseMove	window	Applications en cours d’exécution	widget	65790	date	2020 03 31 - 14:43:42	timeStampS	1585658622.282	injected	0	xPix	242	yPix	1048	wheel	0	
mouseMove	window	Applications en cours d’exécution	widget	65790	date	2020 03 31 - 14:43:42	timeStampS	1585658622.298	injected	0	xPix	241	yPix	1049	wheel	0	
mouseMove	window	Applications en cours d’exécution	widget	65790	date	2020 03 31 - 14:43:42	timeStampS	1585658622.313	injected	0	xPix	240	yPix	1051	wheel	0	
mouseMove	window	Applications en cours d’exécution	widget	65790	date	2020 03 31 - 14:43:42	timeStampS	1585658622.329	injected	0	xPix	239	yPix	1052	wheel	0	
mouseMove	window	Applications en cours d’exécution	widget	65790	date	2020 03 31 - 14:43:42	timeStampS	1585658622.344	injected	0	xPix	237	yPix	1054	wheel	0	
mouseMove	window	Applications en cours d’exécution	widget	65790	date	2020 03 31 - 14:43:42	timeStampS	1585658622.360	injected	0	xPix	234	yPix	1055	wheel	0	
mouseMove	window	Applications en cours d’exécution	widget	65790	date	2020 03 31 - 14:43:42	timeStampS	1585658622.376	injected	0	xPix	230	yPix	1058	wheel	0	
mouseMove	window	Applications en cours d’exécution	widget	65790	date	2020 03 31 - 14:43:42	timeStampS	1585658622.391	injected	0	xPix	226	yPix	1060	wheel	0	
mouseMove	window	Applications en cours d’exécution	widget	65790	date	2020 03 31 - 14:43:42	timeStampS	1585658622.407	injected	0	xPix	221	yPix	1063	wheel	0	
mouseMove	window	Applications en cours d’exécution	widget	65790	date	2020 03 31 - 14:43:42	timeStampS	1585658622.423	injected	0	xPix	218	yPix	1065	wheel	0	
mouseMove	window	Applications en cours d’exécution	widget	65790	date	2020 03 31 - 14:43:42	timeStampS	1585658622.438	injected	0	xPix	215	yPix	1066	wheel	0	
mouseMove	window	Applications en cours d’exécution	widget	65790	date	2020 03 31 - 14:43:42	timeStampS	1585658622.454	injected	0	xPix	215	yPix	1067	wheel	0	
mouseMove	window	Applications en cours d’exécution	widget	65790	date	2020 03 31 - 14:43:42	timeStampS	1585658622.688	injected	0	xPix	215	yPix	1067	wheel	0	
mouseMove	window	Applications en cours d’exécution	widget	65790	date	2020 03 31 - 14:43:42	timeStampS	1585658622.704	injected	0	xPix	218	yPix	1067	wheel	0	
mouseMove	window	Applications en cours d’exécution	widget	65790	date	2020 03 31 - 14:43:42	timeStampS	1585658622.719	injected	0	xPix	222	yPix	1066	wheel	0	
mouseMove	window	Applications en cours d’exécution	widget	65790	date	2020 03 31 - 14:43:42	timeStampS	1585658622.735	injected	0	xPix	227	yPix	1064	wheel	0	
mouseMove	window	Applications en cours d’exécution	widget	65790	date	2020 03 31 - 14:43:42	timeStampS	1585658622.751	injected	0	xPix	233	yPix	1062	wheel	0	
mouseMove	window	Applications en cours d’exécution	widget	65790	date	2020 03 31 - 14:43:42	timeStampS	1585658622.766	injected	0	xPix	241	yPix	1060	wheel	0	
mouseMove	window	Applications en cours d’exécution	widget	65790	date	2020 03 31 - 14:43:42	timeStampS	1585658622.782	injected	0	xPix	252	yPix	1057	wheel	0	
mouseMove	window	Applications en cours d’exécution	widget	65790	date	2020 03 31 - 14:43:42	timeStampS	1585658622.798	injected	0	xPix	265	yPix	1054	wheel	0	
mouseMove	window	Applications en cours d’exécution	widget	65790	date	2020 03 31 - 14:43:42	timeStampS	1585658622.813	injected	0	xPix	278	yPix	1052	wheel	0	
mouseMove	window	Applications en cours d’exécution	widget	65790	date	2020 03 31 - 14:43:42	timeStampS	1585658622.829	injected	0	xPix	296	yPix	1048	wheel	0	
mouseMove	window	Applications en cours d’exécution	widget	65790	date	2020 03 31 - 14:43:42	timeStampS	1585658622.844	injected	0	xPix	313	yPix	1046	wheel	0	
mouseMove	window	Applications en cours d’exécution	widget	65790	date	2020 03 31 - 14:43:42	timeStampS	1585658622.860	injected	0	xPix	335	yPix	1044	wheel	0	
mouseMove	window	Applications en cours d’exécution	widget	65790	date	2020 03 31 - 14:43:42	timeStampS	1585658622.876	injected	0	xPix	359	yPix	1044	wheel	0	
mouseMove	window	Applications en cours d’exécution	widget	65790	date	2020 03 31 - 14:43:42	timeStampS	1585658622.891	injected	0	xPix	390	yPix	1044	wheel	0	
mouseMove	window	Applications en cours d’exécution	widget	65790	date	2020 03 31 - 14:43:42	timeStampS	1585658622.907	injected	0	xPix	428	yPix	1044	wheel	0	
mouseMove	window	Applications en cours d’exécution	widget	65790	date	2020 03 31 - 14:43:42	timeStampS	1585658622.923	injected	0	xPix	464	yPix	1046	wheel	0	
mouseMove	window	Applications en cours d’exécution	widget	65790	date	2020 03 31 - 14:43:42	timeStampS	1585658622.938	injected	0	xPix	509	yPix	1047	wheel	0	
mouseMove	window	Applications en cours d’exécution	widget	65790	date	2020 03 31 - 14:43:42	timeStampS	1585658622.954	injected	0	xPix	562	yPix	1048	wheel	0	
mouseMove	window	Applications en cours d’exécution	widget	65790	date	2020 03 31 - 14:43:42	timeStampS	1585658622.969	injected	0	xPix	609	yPix	1048	wheel	0	
mouseMove	window	Applications en cours d’exécution	widget	65790	date	2020 03 31 - 14:43:42	timeStampS	1585658622.985	injected	0	xPix	656	yPix	1045	wheel	0	
mouseMove	window	Applications en cours d’exécution	widget	65790	date	2020 03 31 - 14:43:43	timeStampS	1585658623.001	injected	0	xPix	705	yPix	1040	wheel	0	
mouseMove	window	exe.win-amd64-3.7	widget	394574	date	2020 03 31 - 14:43:43	timeStampS	1585658623.016	injected	0	xPix	751	yPix	1034	wheel	0	
mouseMove	window	exe.win-amd64-3.7	widget	12125644	date	2020 03 31 - 14:43:43	timeStampS	1585658623.032	injected	0	xPix	807	yPix	1027	wheel	0	
mouseMove	window	exe.win-amd64-3.7	widget	12125644	date	2020 03 31 - 14:43:43	timeStampS	1585658623.048	injected	0	xPix	865	yPix	1018	wheel	0	
mouseMove	window	exe.win-amd64-3.7	widget	12125644	date	2020 03 31 - 14:43:43	timeStampS	1585658623.063	injected	0	xPix	935	yPix	1009	wheel	0	
mouseMove	window	exe.win-amd64-3.7	widget	1312276	date	2020 03 31 - 14:43:43	timeStampS	1585658623.079	injected	0	xPix	993	yPix	1001	wheel	0	
mouseMove	window	exe.win-amd64-3.7	widget	1312276	date	2020 03 31 - 14:43:43	timeStampS	1585658623.094	injected	0	xPix	1040	yPix	993	wheel	0	
mouseMove	window	exe.win-amd64-3.7	widget	1312276	date	2020 03 31 - 14:43:43	timeStampS	1585658623.110	injected	0	xPix	1081	yPix	983	wheel	0	
mouseMove	window	exe.win-amd64-3.7	widget	1312276	date	2020 03 31 - 14:43:43	timeStampS	1585658623.126	injected	0	xPix	1109	yPix	976	wheel	0	
mouseMove	window	exe.win-amd64-3.7	widget	1312276	date	2020 03 31 - 14:43:43	timeStampS	1585658623.141	injected	0	xPix	1134	yPix	972	wheel	0	
mouseMove	window	exe.win-amd64-3.7	widget	1312276	date	2020 03 31 - 14:43:43	timeStampS	1585658623.157	injected	0	xPix	1159	yPix	969	wheel	0	
mouseMove	window	exe.win-amd64-3.7	widget	1312276	date	2020 03 31 - 14:43:43	timeStampS	1585658623.173	injected	0	xPix	1180	yPix	968	wheel	0	
mouseMove	window	exe.win-amd64-3.7	widget	394574	date	2020 03 31 - 14:43:43	timeStampS	1585658623.188	injected	0	xPix	1198	yPix	968	wheel	0	
mouseMove	window	Chrome Legacy Window	widget	66344	date	2020 03 31 - 14:43:43	timeStampS	1585658623.204	injected	0	xPix	1211	yPix	968	wheel	0	
mouseMove	window	Chrome Legacy Window	widget	66344	date	2020 03 31 - 14:43:43	timeStampS	1585658623.219	injected	0	xPix	1224	yPix	968	wheel	0	
mouseMove	window	Chrome Legacy Window	widget	66344	date	2020 03 31 - 14:43:43	timeStampS	1585658623.235	injected	0	xPix	1233	yPix	968	wheel	0	
mouseMove	window	Chrome Legacy Window	widget	66344	date	2020 03 31 - 14:43:43	timeStampS	1585658623.251	injected	0	xPix	1241	yPix	969	wheel	0	
mouseMove	window	Chrome Legacy Window	widget	66344	date	2020 03 31 - 14:43:43	timeStampS	1585658623.266	injected	0	xPix	1249	yPix	971	wheel	0	
mouseMove	window	Chrome Legacy Window	widget	66344	date	2020 03 31 - 14:43:43	timeStampS	1585658623.282	injected	0	xPix	1257	yPix	975	wheel	0	
mouseMove	window	Chrome Legacy Window	widget	66344	date	2020 03 31 - 14:43:43	timeStampS	1585658623.298	injected	0	xPix	1264	yPix	978	wheel	0	
mouseMove	window	Chrome Legacy Window	widget	66344	date	2020 03 31 - 14:43:43	timeStampS	1585658623.313	injected	0	xPix	1271	yPix	980	wheel	0	
mouseMove	window	Chrome Legacy Window	widget	66344	date	2020 03 31 - 14:43:43	timeStampS	1585658623.329	injected	0	xPix	1276	yPix	982	wheel	0	
mouseMove	window	Chrome Legacy Window	widget	66344	date	2020 03 31 - 14:43:43	timeStampS	1585658623.344	injected	0	xPix	1280	yPix	983	wheel	0	
mouseMove	window	Chrome Legacy Window	widget	66344	date	2020 03 31 - 14:43:43	timeStampS	1585658623.407	injected	0	xPix	1281	yPix	983	wheel	0	
mouseMove	window	Chrome Legacy Window	widget	66344	date	2020 03 31 - 14:43:43	timeStampS	1585658623.423	injected	0	xPix	1282	yPix	983	wheel	0	
mouseMove	window	Chrome Legacy Window	widget	66344	date	2020 03 31 - 14:43:43	timeStampS	1585658623.438	injected	0	xPix	1283	yPix	984	wheel	0	
mouseMove	window	Chrome Legacy Window	widget	66344	date	2020 03 31 - 14:43:43	timeStampS	1585658623.454	injected	0	xPix	1284	yPix	985	wheel	0	
mouseLeftDown	window	Chrome Legacy Window	widget	66344	date	2020 03 31 - 14:43:43	timeStampS	1585658623.454	injected	0	xPix	1284	yPix	985	wheel	0	
mouseMove	window	Chrome Legacy Window	widget	66344	date	2020 03 31 - 14:43:43	timeStampS	1585658623.454	injected	0	xPix	1284	yPix	985	wheel	0	
mouseMove	window	Chrome Legacy Window	widget	66344	date	2020 03 31 - 14:43:43	timeStampS	1585658623.501	injected	0	xPix	1285	yPix	986	wheel	0	
mouseLeftUp	window	Chrome Legacy Window	widget	66344	date	2020 03 31 - 14:43:43	timeStampS	1585658623.563	injected	0	xPix	1285	yPix	986	wheel	0	
mouseMove	window	Chrome Legacy Window	widget	66344	date	2020 03 31 - 14:43:43	timeStampS	1585658623.673	injected	0	xPix	1285	yPix	986	wheel	0	
mouseMove	window	Chrome Legacy Window	widget	66344	date	2020 03 31 - 14:43:43	timeStampS	1585658623.688	injected	0	xPix	1285	yPix	986	wheel	0	
mouseMove	window	Chrome Legacy Window	widget	66344	date	2020 03 31 - 14:43:43	timeStampS	1585658623.704	injected	0	xPix	1281	yPix	987	wheel	0	
mouseMove	window	Chrome Legacy Window	widget	66344	date	2020 03 31 - 14:43:43	timeStampS	1585658623.719	injected	0	xPix	1276	yPix	988	wheel	0	
mouseMove	window	Chrome Legacy Window	widget	66344	date	2020 03 31 - 14:43:43	timeStampS	1585658623.735	injected	0	xPix	1273	yPix	989	wheel	0	
keyDown	window	 général-du-sang-?? - Discord	widget	66340	date	2020 03 31 - 14:43:44	timeStampS	1585658624.610	injected	0	key	T	ascii	116	scanCode	20	keyId	84	extended	0	alt	0	
keyDown	window	 général-du-sang-?? - Discord	widget	66340	date	2020 03 31 - 14:43:44	timeStampS	1585658624.688	injected	0	key	E	ascii	101	scanCode	18	keyId	69	extended	0	alt	0	
keyUp	window	 général-du-sang-?? - Discord	widget	66340	date	2020 03 31 - 14:43:44	timeStampS	1585658624.719	injected	0	key	T	ascii	116	scanCode	20	keyId	84	extended	0	alt	0	
keyDown	window	 général-du-sang-?? - Discord	widget	66340	date	2020 03 31 - 14:43:44	timeStampS	1585658624.751	injected	0	key	S	ascii	115	scanCode	31	keyId	83	extended	0	alt	0	
keyUp	window	 général-du-sang-?? - Discord	widget	66340	date	2020 03 31 - 14:43:44	timeStampS	1585658624.891	injected	0	key	E	ascii	101	scanCode	18	keyId	69	extended	0	alt	0	
keyDown	window	 général-du-sang-?? - Discord	widget	66340	date	2020 03 31 - 14:43:44	timeStampS	1585658624.923	injected	0	key	T	ascii	116	scanCode	20	keyId	84	extended	0	alt	0	
keyUp	window	 général-du-sang-?? - Discord	widget	66340	date	2020 03 31 - 14:43:44	timeStampS	1585658624.969	injected	0	key	S	ascii	115	scanCode	31	keyId	83	extended	0	alt	0	
keyUp	window	 général-du-sang-?? - Discord	widget	66340	date	2020 03 31 - 14:43:45	timeStampS	1585658625.001	injected	0	key	T	ascii	116	scanCode	20	keyId	84	extended	0	alt	0	
keyDown	window	 général-du-sang-?? - Discord	widget	66340	date	2020 03 31 - 14:43:45	timeStampS	1585658625.423	injected	0	key	Return	ascii	13	scanCode	28	keyId	13	extended	0	alt	0	
keyUp	window	 général-du-sang-?? - Discord	widget	66340	date	2020 03 31 - 14:43:45	timeStampS	1585658625.548	injected	0	key	Return	ascii	13	scanCode	28	keyId	13	extended	0	alt	0	
mouseMove	window	Chrome Legacy Window	widget	66344	date	2020 03 31 - 14:43:46	timeStampS	1585658626.344	injected	0	xPix	1273	yPix	989	wheel	0	
mouseMove	window	Chrome Legacy Window	widget	66344	date	2020 03 31 - 14:43:46	timeStampS	1585658626.360	injected	0	xPix	1276	yPix	989	wheel	0	
mouseMove	window	Chrome Legacy Window	widget	66344	date	2020 03 31 - 14:43:46	timeStampS	1585658626.376	injected	0	xPix	1283	yPix	987	wheel	0	
mouseMove	window	Chrome Legacy Window	widget	66344	date	2020 03 31 - 14:43:46	timeStampS	1585658626.391	injected	0	xPix	1289	yPix	986	wheel	0	
mouseMove	window	Chrome Legacy Window	widget	66344	date	2020 03 31 - 14:43:46	timeStampS	1585658626.438	injected	0	xPix	1292	yPix	986	wheel	0	
mouseMove	window	Chrome Legacy Window	widget	66344	date	2020 03 31 - 14:43:46	timeStampS	1585658626.454	injected	0	xPix	1293	yPix	986	wheel	0	
mouseMove	window	Chrome Legacy Window	widget	66344	date	2020 03 31 - 14:43:46	timeStampS	1585658626.469	injected	0	xPix	1300	yPix	986	wheel	0	
mouseMove	window	Chrome Legacy Window	widget	66344	date	2020 03 31 - 14:43:46	timeStampS	1585658626.485	injected	0	xPix	1306	yPix	986	wheel	0	
mouseMove	window	Chrome Legacy Window	widget	66344	date	2020 03 31 - 14:43:46	timeStampS	1585658626.501	injected	0	xPix	1311	yPix	984	wheel	0	
mouseMove	window	Chrome Legacy Window	widget	66344	date	2020 03 31 - 14:43:46	timeStampS	1585658626.516	injected	0	xPix	1315	yPix	983	wheel	0	
mouseMove	window	Chrome Legacy Window	widget	66344	date	2020 03 31 - 14:43:46	timeStampS	1585658626.532	injected	0	xPix	1320	yPix	981	wheel	0	
mouseMove	window	Chrome Legacy Window	widget	66344	date	2020 03 31 - 14:43:46	timeStampS	1585658626.548	injected	0	xPix	1329	yPix	979	wheel	0	
mouseMove	window	Chrome Legacy Window	widget	66344	date	2020 03 31 - 14:43:46	timeStampS	1585658626.563	injected	0	xPix	1342	yPix	976	wheel	0	
mouseMove	window	Chrome Legacy Window	widget	66344	date	2020 03 31 - 14:43:46	timeStampS	1585658626.579	injected	0	xPix	1354	yPix	974	wheel	0	
mouseMove	window	Chrome Legacy Window	widget	66344	date	2020 03 31 - 14:43:46	timeStampS	1585658626.594	injected	0	xPix	1369	yPix	971	wheel	0	
mouseMove	window	Chrome Legacy Window	widget	66344	date	2020 03 31 - 14:43:46	timeStampS	1585658626.610	injected	0	xPix	1385	yPix	967	wheel	0	
mouseMove	window	Chrome Legacy Window	widget	66344	date	2020 03 31 - 14:43:46	timeStampS	1585658626.626	injected	0	xPix	1400	yPix	962	wheel	0	
mouseMove	window	Chrome Legacy Window	widget	66344	date	2020 03 31 - 14:43:46	timeStampS	1585658626.641	injected	0	xPix	1416	yPix	956	wheel	0	
mouseMove	window	Chrome Legacy Window	widget	66344	date	2020 03 31 - 14:43:46	timeStampS	1585658626.657	injected	0	xPix	1429	yPix	950	wheel	0	
mouseMove	window	Chrome Legacy Window	widget	66344	date	2020 03 31 - 14:43:46	timeStampS	1585658626.673	injected	0	xPix	1441	yPix	945	wheel	0	
mouseMove	window	Chrome Legacy Window	widget	66344	date	2020 03 31 - 14:43:46	timeStampS	1585658626.688	injected	0	xPix	1450	yPix	940	wheel	0	
mouseMove	window	Chrome Legacy Window	widget	66344	date	2020 03 31 - 14:43:46	timeStampS	1585658626.704	injected	0	xPix	1456	yPix	937	wheel	0	
mouseMove	window	Chrome Legacy Window	widget	66344	date	2020 03 31 - 14:43:46	timeStampS	1585658626.719	injected	0	xPix	1462	yPix	934	wheel	0	
mouseMove	window	Chrome Legacy Window	widget	66344	date	2020 03 31 - 14:43:46	timeStampS	1585658626.735	injected	0	xPix	1468	yPix	931	wheel	0	
mouseMove	window	Chrome Legacy Window	widget	66344	date	2020 03 31 - 14:43:46	timeStampS	1585658626.751	injected	0	xPix	1474	yPix	929	wheel	0	
mouseMove	window	Chrome Legacy Window	widget	66344	date	2020 03 31 - 14:43:46	timeStampS	1585658626.766	injected	0	xPix	1479	yPix	927	wheel	0	
mouseMove	window	Chrome Legacy Window	widget	66344	date	2020 03 31 - 14:43:46	timeStampS	1585658626.782	injected	0	xPix	1484	yPix	925	wheel	0	
mouseMove	window	Chrome Legacy Window	widget	66344	date	2020 03 31 - 14:43:46	timeStampS	1585658626.798	injected	0	xPix	1489	yPix	924	wheel	0	
mouseMove	window	Chrome Legacy Window	widget	66344	date	2020 03 31 - 14:43:46	timeStampS	1585658626.813	injected	0	xPix	1498	yPix	923	wheel	0	
mouseMove	window	Chrome Legacy Window	widget	66344	date	2020 03 31 - 14:43:46	timeStampS	1585658626.829	injected	0	xPix	1506	yPix	922	wheel	0	
mouseMove	window	Chrome Legacy Window	widget	66344	date	2020 03 31 - 14:43:46	timeStampS	1585658626.844	injected	0	xPix	1516	yPix	920	wheel	0	
mouseMove	window	Chrome Legacy Window	widget	66344	date	2020 03 31 - 14:43:46	timeStampS	1585658626.860	injected	0	xPix	1526	yPix	917	wheel	0	
mouseMove	window	Chrome Legacy Window	widget	66344	date	2020 03 31 - 14:43:46	timeStampS	1585658626.876	injected	0	xPix	1539	yPix	914	wheel	0	
mouseMove	window	Chrome Legacy Window	widget	66344	date	2020 03 31 - 14:43:46	timeStampS	1585658626.891	injected	0	xPix	1553	yPix	911	wheel	0	
mouseMove	window	Chrome Legacy Window	widget	66344	date	2020 03 31 - 14:43:46	timeStampS	1585658626.907	injected	0	xPix	1560	yPix	911	wheel	0	
mouseMove	window	Chrome Legacy Window	widget	66344	date	2020 03 31 - 14:43:46	timeStampS	1585658626.923	injected	0	xPix	1567	yPix	911	wheel	0	
mouseMove	window	Chrome Legacy Window	widget	66344	date	2020 03 31 - 14:43:46	timeStampS	1585658626.938	injected	0	xPix	1572	yPix	911	wheel	0	
mouseMove	window	Chrome Legacy Window	widget	66344	date	2020 03 31 - 14:43:46	timeStampS	1585658626.954	injected	0	xPix	1577	yPix	911	wheel	0	
mouseMove	window	Chrome Legacy Window	widget	66344	date	2020 03 31 - 14:43:46	timeStampS	1585658626.969	injected	0	xPix	1581	yPix	911	wheel	0	
mouseMove	window	Chrome Legacy Window	widget	66344	date	2020 03 31 - 14:43:46	timeStampS	1585658626.985	injected	0	xPix	1585	yPix	911	wheel	0	
mouseMove	window	Chrome Legacy Window	widget	66344	date	2020 03 31 - 14:43:47	timeStampS	1585658627.001	injected	0	xPix	1591	yPix	911	wheel	0	
mouseMove	window	Chrome Legacy Window	widget	66344	date	2020 03 31 - 14:43:47	timeStampS	1585658627.016	injected	0	xPix	1596	yPix	911	wheel	0	
mouseMove	window	Chrome Legacy Window	widget	66344	date	2020 03 31 - 14:43:47	timeStampS	1585658627.032	injected	0	xPix	1602	yPix	912	wheel	0	
mouseMove	window	Chrome Legacy Window	widget	66344	date	2020 03 31 - 14:43:47	timeStampS	1585658627.048	injected	0	xPix	1608	yPix	912	wheel	0	
mouseMove	window	Chrome Legacy Window	widget	66344	date	2020 03 31 - 14:43:47	timeStampS	1585658627.063	injected	0	xPix	1612	yPix	914	wheel	0	
mouseMove	window	Chrome Legacy Window	widget	66344	date	2020 03 31 - 14:43:47	timeStampS	1585658627.079	injected	0	xPix	1616	yPix	914	wheel	0	
mouseMove	window	Chrome Legacy Window	widget	66344	date	2020 03 31 - 14:43:47	timeStampS	1585658627.094	injected	0	xPix	1619	yPix	915	wheel	0	
mouseMove	window	Chrome Legacy Window	widget	66344	date	2020 03 31 - 14:43:47	timeStampS	1585658627.110	injected	0	xPix	1622	yPix	916	wheel	0	
mouseMove	window	Chrome Legacy Window	widget	66344	date	2020 03 31 - 14:43:47	timeStampS	1585658627.126	injected	0	xPix	1625	yPix	916	wheel	0	
mouseMove	window	Chrome Legacy Window	widget	66344	date	2020 03 31 - 14:43:47	timeStampS	1585658627.141	injected	0	xPix	1628	yPix	917	wheel	0	
mouseMove	window	Chrome Legacy Window	widget	66344	date	2020 03 31 - 14:43:47	timeStampS	1585658627.157	injected	0	xPix	1630	yPix	918	wheel	0	
mouseMove	window	Chrome Legacy Window	widget	66344	date	2020 03 31 - 14:43:47	timeStampS	1585658627.173	injected	0	xPix	1634	yPix	918	wheel	0	
mouseMove	window	Chrome Legacy Window	widget	66344	date	2020 03 31 - 14:43:47	timeStampS	1585658627.188	injected	0	xPix	1638	yPix	919	wheel	0	
mouseMove	window	Chrome Legacy Window	widget	66344	date	2020 03 31 - 14:43:47	timeStampS	1585658627.204	injected	0	xPix	1642	yPix	919	wheel	0	
mouseMove	window	Chrome Legacy Window	widget	66344	date	2020 03 31 - 14:43:47	timeStampS	1585658627.219	injected	0	xPix	1646	yPix	919	wheel	0	
mouseMove	window	Chrome Legacy Window	widget	66344	date	2020 03 31 - 14:43:47	timeStampS	1585658627.235	injected	0	xPix	1647	yPix	919	wheel	0	
mouseMove	window	Chrome Legacy Window	widget	66344	date	2020 03 31 - 14:43:47	timeStampS	1585658627.282	injected	0	xPix	1647	yPix	919	wheel	0	
mouseMove	window	Chrome Legacy Window	widget	66344	date	2020 03 31 - 14:43:47	timeStampS	1585658627.298	injected	0	xPix	1646	yPix	919	wheel	0	
mouseMove	window	Chrome Legacy Window	widget	66344	date	2020 03 31 - 14:43:47	timeStampS	1585658627.313	injected	0	xPix	1644	yPix	919	wheel	0	
mouseMove	window	Chrome Legacy Window	widget	66344	date	2020 03 31 - 14:43:47	timeStampS	1585658627.329	injected	0	xPix	1642	yPix	919	wheel	0	
mouseMove	window	Chrome Legacy Window	widget	66344	date	2020 03 31 - 14:43:47	timeStampS	1585658627.344	injected	0	xPix	1639	yPix	918	wheel	0	
mouseMove	window	Chrome Legacy Window	widget	66344	date	2020 03 31 - 14:43:47	timeStampS	1585658627.360	injected	0	xPix	1637	yPix	917	wheel	0	
mouseMove	window	Chrome Legacy Window	widget	66344	date	2020 03 31 - 14:43:47	timeStampS	1585658627.376	injected	0	xPix	1634	yPix	915	wheel	0	
mouseMove	window	Chrome Legacy Window	widget	66344	date	2020 03 31 - 14:43:47	timeStampS	1585658627.391	injected	0	xPix	1632	yPix	915	wheel	0	
mouseLeftDown	window	Chrome Legacy Window	widget	66344	date	2020 03 31 - 14:43:47	timeStampS	1585658627.563	injected	0	xPix	1632	yPix	914	wheel	0	
mouseLeftUp	window	Chrome Legacy Window	widget	66344	date	2020 03 31 - 14:43:47	timeStampS	1585658627.641	injected	0	xPix	1632	yPix	914	wheel	0	
mouseMove	window	Chrome Legacy Window	widget	66344	date	2020 03 31 - 14:43:47	timeStampS	1585658627.735	injected	0	xPix	1631	yPix	914	wheel	0	
mouseMove	window	Chrome Legacy Window	widget	66344	date	2020 03 31 - 14:43:47	timeStampS	1585658627.751	injected	0	xPix	1629	yPix	914	wheel	0	
mouseMove	window	Chrome Legacy Window	widget	66344	date	2020 03 31 - 14:43:47	timeStampS	1585658627.766	injected	0	xPix	1625	yPix	914	wheel	0	
mouseMove	window	Chrome Legacy Window	widget	66344	date	2020 03 31 - 14:43:47	timeStampS	1585658627.782	injected	0	xPix	1618	yPix	913	wheel	0	
mouseMove	window	Chrome Legacy Window	widget	66344	date	2020 03 31 - 14:43:47	timeStampS	1585658627.798	injected	0	xPix	1610	yPix	912	wheel	0	
mouseMove	window	Chrome Legacy Window	widget	66344	date	2020 03 31 - 14:43:47	timeStampS	1585658627.813	injected	0	xPix	1603	yPix	912	wheel	0	
mouseMove	window	Chrome Legacy Window	widget	66344	date	2020 03 31 - 14:43:47	timeStampS	1585658627.829	injected	0	xPix	1599	yPix	912	wheel	0	
mouseMove	window	Chrome Legacy Window	widget	66344	date	2020 03 31 - 14:43:47	timeStampS	1585658627.844	injected	0	xPix	1594	yPix	912	wheel	0	
mouseMove	window	Chrome Legacy Window	widget	66344	date	2020 03 31 - 14:43:47	timeStampS	1585658627.860	injected	0	xPix	1589	yPix	912	wheel	0	
mouseMove	window	Chrome Legacy Window	widget	66344	date	2020 03 31 - 14:43:47	timeStampS	1585658627.876	injected	0	xPix	1584	yPix	912	wheel	0	
mouseMove	window	Chrome Legacy Window	widget	66344	date	2020 03 31 - 14:43:47	timeStampS	1585658627.891	injected	0	xPix	1575	yPix	912	wheel	0	
mouseMove	window	Chrome Legacy Window	widget	66344	date	2020 03 31 - 14:43:47	timeStampS	1585658627.907	injected	0	xPix	1564	yPix	911	wheel	0	
mouseMove	window	Chrome Legacy Window	widget	66344	date	2020 03 31 - 14:43:47	timeStampS	1585658627.923	injected	0	xPix	1552	yPix	911	wheel	0	
mouseMove	window	Chrome Legacy Window	widget	66344	date	2020 03 31 - 14:43:47	timeStampS	1585658627.938	injected	0	xPix	1541	yPix	911	wheel	0	
mouseMove	window	Chrome Legacy Window	widget	66344	date	2020 03 31 - 14:43:47	timeStampS	1585658627.954	injected	0	xPix	1532	yPix	911	wheel	0	
mouseMove	window	Chrome Legacy Window	widget	66344	date	2020 03 31 - 14:43:47	timeStampS	1585658627.969	injected	0	xPix	1524	yPix	914	wheel	0	
mouseMove	window	Chrome Legacy Window	widget	66344	date	2020 03 31 - 14:43:47	timeStampS	1585658627.985	injected	0	xPix	1519	yPix	917	wheel	0	
mouseMove	window	Chrome Legacy Window	widget	66344	date	2020 03 31 - 14:43:48	timeStampS	1585658628.001	injected	0	xPix	1515	yPix	921	wheel	0	
mouseMove	window	Chrome Legacy Window	widget	66344	date	2020 03 31 - 14:43:48	timeStampS	1585658628.016	injected	0	xPix	1512	yPix	926	wheel	0	
mouseMove	window	Chrome Legacy Window	widget	66344	date	2020 03 31 - 14:43:48	timeStampS	1585658628.032	injected	0	xPix	1511	yPix	930	wheel	0	
mouseMove	window	Chrome Legacy Window	widget	66344	date	2020 03 31 - 14:43:48	timeStampS	1585658628.048	injected	0	xPix	1510	yPix	935	wheel	0	
mouseMove	window	Chrome Legacy Window	widget	66344	date	2020 03 31 - 14:43:48	timeStampS	1585658628.063	injected	0	xPix	1509	yPix	939	wheel	0	
mouseMove	window	Chrome Legacy Window	widget	66344	date	2020 03 31 - 14:43:48	timeStampS	1585658628.079	injected	0	xPix	1509	yPix	944	wheel	0	
mouseMove	window	Chrome Legacy Window	widget	66344	date	2020 03 31 - 14:43:48	timeStampS	1585658628.094	injected	0	xPix	1509	yPix	951	wheel	0	
mouseMove	window	Chrome Legacy Window	widget	66344	date	2020 03 31 - 14:43:48	timeStampS	1585658628.110	injected	0	xPix	1509	yPix	958	wheel	0	
mouseMove	window	Chrome Legacy Window	widget	66344	date	2020 03 31 - 14:43:48	timeStampS	1585658628.126	injected	0	xPix	1510	yPix	964	wheel	0	
mouseMove	window	Chrome Legacy Window	widget	66344	date	2020 03 31 - 14:43:48	timeStampS	1585658628.141	injected	0	xPix	1511	yPix	968	wheel	0	
mouseMove	window	Chrome Legacy Window	widget	66344	date	2020 03 31 - 14:43:48	timeStampS	1585658628.157	injected	0	xPix	1512	yPix	971	wheel	0	
mouseMove	window	Chrome Legacy Window	widget	66344	date	2020 03 31 - 14:43:48	timeStampS	1585658628.173	injected	0	xPix	1513	yPix	973	wheel	0	
mouseMove	window	Chrome Legacy Window	widget	66344	date	2020 03 31 - 14:43:48	timeStampS	1585658628.188	injected	0	xPix	1513	yPix	975	wheel	0	
mouseLeftDown	window	Chrome Legacy Window	widget	66344	date	2020 03 31 - 14:43:48	timeStampS	1585658628.282	injected	0	xPix	1513	yPix	975	wheel	0	
mouseLeftUp	window	Chrome Legacy Window	widget	66344	date	2020 03 31 - 14:43:48	timeStampS	1585658628.360	injected	0	xPix	1513	yPix	975	wheel	0	
mouseMove	window	Chrome Legacy Window	widget	66344	date	2020 03 31 - 14:43:48	timeStampS	1585658628.485	injected	0	xPix	1513	yPix	975	wheel	0	
mouseMove	window	Chrome Legacy Window	widget	66344	date	2020 03 31 - 14:43:48	timeStampS	1585658628.501	injected	0	xPix	1513	yPix	975	wheel	0	
mouseMove	window	Chrome Legacy Window	widget	66344	date	2020 03 31 - 14:43:48	timeStampS	1585658628.516	injected	0	xPix	1509	yPix	973	wheel	0	
mouseMove	window	Chrome Legacy Window	widget	66344	date	2020 03 31 - 14:43:48	timeStampS	1585658628.532	injected	0	xPix	1503	yPix	971	wheel	0	
mouseMove	window	Chrome Legacy Window	widget	66344	date	2020 03 31 - 14:43:48	timeStampS	1585658628.548	injected	0	xPix	1495	yPix	966	wheel	0	
mouseMove	window	Chrome Legacy Window	widget	66344	date	2020 03 31 - 14:43:48	timeStampS	1585658628.563	injected	0	xPix	1483	yPix	962	wheel	0	
mouseMove	window	Chrome Legacy Window	widget	66344	date	2020 03 31 - 14:43:48	timeStampS	1585658628.579	injected	0	xPix	1464	yPix	953	wheel	0	
mouseMove	window	Chrome Legacy Window	widget	66344	date	2020 03 31 - 14:43:48	timeStampS	1585658628.594	injected	0	xPix	1437	yPix	940	wheel	0	
mouseMove	window	Chrome Legacy Window	widget	66344	date	2020 03 31 - 14:43:48	timeStampS	1585658628.610	injected	0	xPix	1410	yPix	928	wheel	0	
mouseMove	window	Chrome Legacy Window	widget	66344	date	2020 03 31 - 14:43:48	timeStampS	1585658628.626	injected	0	xPix	1383	yPix	915	wheel	0	
mouseMove	window	Chrome Legacy Window	widget	66344	date	2020 03 31 - 14:43:48	timeStampS	1585658628.641	injected	0	xPix	1358	yPix	902	wheel	0	
mouseMove	window	Chrome Legacy Window	widget	66344	date	2020 03 31 - 14:43:48	timeStampS	1585658628.657	injected	0	xPix	1338	yPix	892	wheel	0	
mouseMove	window	Chrome Legacy Window	widget	66344	date	2020 03 31 - 14:43:48	timeStampS	1585658628.673	injected	0	xPix	1320	yPix	882	wheel	0	
mouseMove	window	Chrome Legacy Window	widget	66344	date	2020 03 31 - 14:43:48	timeStampS	1585658628.688	injected	0	xPix	1302	yPix	872	wheel	0	
mouseMove	window	Chrome Legacy Window	widget	66344	date	2020 03 31 - 14:43:48	timeStampS	1585658628.704	injected	0	xPix	1281	yPix	860	wheel	0	
mouseMove	window	Chrome Legacy Window	widget	66344	date	2020 03 31 - 14:43:48	timeStampS	1585658628.719	injected	0	xPix	1257	yPix	848	wheel	0	
mouseMove	window	Chrome Legacy Window	widget	66344	date	2020 03 31 - 14:43:48	timeStampS	1585658628.735	injected	0	xPix	1236	yPix	838	wheel	0	
mouseMove	window	Chrome Legacy Window	widget	66344	date	2020 03 31 - 14:43:48	timeStampS	1585658628.751	injected	0	xPix	1215	yPix	830	wheel	0	
mouseMove	window	Chrome Legacy Window	widget	66344	date	2020 03 31 - 14:43:48	timeStampS	1585658628.766	injected	0	xPix	1203	yPix	826	wheel	0	
mouseMove	window	Chrome Legacy Window	widget	66344	date	2020 03 31 - 14:43:48	timeStampS	1585658628.782	injected	0	xPix	1193	yPix	821	wheel	0	
mouseMove	window	Chrome Legacy Window	widget	66344	date	2020 03 31 - 14:43:48	timeStampS	1585658628.798	injected	0	xPix	1186	yPix	815	wheel	0	
mouseMove	window	Chrome Legacy Window	widget	66344	date	2020 03 31 - 14:43:48	timeStampS	1585658628.813	injected	0	xPix	1179	yPix	807	wheel	0	
mouseMove	window	Chrome Legacy Window	widget	66344	date	2020 03 31 - 14:43:48	timeStampS	1585658628.829	injected	0	xPix	1172	yPix	798	wheel	0	
mouseMove	window	Chrome Legacy Window	widget	66344	date	2020 03 31 - 14:43:48	timeStampS	1585658628.844	injected	0	xPix	1162	yPix	785	wheel	0	
mouseMove	window	Chrome Legacy Window	widget	66344	date	2020 03 31 - 14:43:48	timeStampS	1585658628.860	injected	0	xPix	1154	yPix	774	wheel	0	
mouseMove	window	Chrome Legacy Window	widget	66344	date	2020 03 31 - 14:43:48	timeStampS	1585658628.876	injected	0	xPix	1146	yPix	762	wheel	0	
mouseMove	window	Chrome Legacy Window	widget	66344	date	2020 03 31 - 14:43:48	timeStampS	1585658628.891	injected	0	xPix	1141	yPix	752	wheel	0	
mouseMove	window	Chrome Legacy Window	widget	66344	date	2020 03 31 - 14:43:48	timeStampS	1585658628.907	injected	0	xPix	1136	yPix	743	wheel	0	
mouseMove	window	Chrome Legacy Window	widget	66344	date	2020 03 31 - 14:43:48	timeStampS	1585658628.923	injected	0	xPix	1132	yPix	733	wheel	0	
mouseMove	window	Chrome Legacy Window	widget	66344	date	2020 03 31 - 14:43:48	timeStampS	1585658628.938	injected	0	xPix	1130	yPix	726	wheel	0	
mouseMove	window	Chrome Legacy Window	widget	66344	date	2020 03 31 - 14:43:48	timeStampS	1585658628.954	injected	0	xPix	1129	yPix	719	wheel	0	
mouseMove	window	Chrome Legacy Window	widget	66344	date	2020 03 31 - 14:43:48	timeStampS	1585658628.969	injected	0	xPix	1129	yPix	714	wheel	0	
mouseMove	window	Chrome Legacy Window	widget	66344	date	2020 03 31 - 14:43:48	timeStampS	1585658628.985	injected	0	xPix	1129	yPix	707	wheel	0	
mouseMove	window	Chrome Legacy Window	widget	66344	date	2020 03 31 - 14:43:49	timeStampS	1585658629.001	injected	0	xPix	1129	yPix	702	wheel	0	
mouseMove	window	Chrome Legacy Window	widget	66344	date	2020 03 31 - 14:43:49	timeStampS	1585658629.016	injected	0	xPix	1129	yPix	696	wheel	0	
mouseMove	window	Chrome Legacy Window	widget	66344	date	2020 03 31 - 14:43:49	timeStampS	1585658629.032	injected	0	xPix	1129	yPix	690	wheel	0	
mouseMove	window	Chrome Legacy Window	widget	66344	date	2020 03 31 - 14:43:49	timeStampS	1585658629.048	injected	0	xPix	1129	yPix	686	wheel	0	
mouseMove	window	Chrome Legacy Window	widget	66344	date	2020 03 31 - 14:43:49	timeStampS	1585658629.063	injected	0	xPix	1129	yPix	681	wheel	0	
mouseMove	window	Chrome Legacy Window	widget	66344	date	2020 03 31 - 14:43:49	timeStampS	1585658629.079	injected	0	xPix	1130	yPix	677	wheel	0	
mouseMove	window	Chrome Legacy Window	widget	66344	date	2020 03 31 - 14:43:49	timeStampS	1585658629.094	injected	0	xPix	1130	yPix	672	wheel	0	
mouseMove	window	Chrome Legacy Window	widget	66344	date	2020 03 31 - 14:43:49	timeStampS	1585658629.110	injected	0	xPix	1130	yPix	665	wheel	0	
mouseMove	window	Chrome Legacy Window	widget	66344	date	2020 03 31 - 14:43:49	timeStampS	1585658629.126	injected	0	xPix	1130	yPix	659	wheel	0	
mouseMove	window	Chrome Legacy Window	widget	66344	date	2020 03 31 - 14:43:49	timeStampS	1585658629.141	injected	0	xPix	1128	yPix	652	wheel	0	
mouseMove	window	Chrome Legacy Window	widget	66344	date	2020 03 31 - 14:43:49	timeStampS	1585658629.157	injected	0	xPix	1125	yPix	645	wheel	0	
mouseMove	window	Chrome Legacy Window	widget	66344	date	2020 03 31 - 14:43:49	timeStampS	1585658629.173	injected	0	xPix	1121	yPix	639	wheel	0	
mouseMove	window	Chrome Legacy Window	widget	66344	date	2020 03 31 - 14:43:49	timeStampS	1585658629.188	injected	0	xPix	1117	yPix	633	wheel	0	
mouseMove	window	Chrome Legacy Window	widget	66344	date	2020 03 31 - 14:43:49	timeStampS	1585658629.204	injected	0	xPix	1114	yPix	627	wheel	0	
mouseMove	window	Chrome Legacy Window	widget	66344	date	2020 03 31 - 14:43:49	timeStampS	1585658629.219	injected	0	xPix	1113	yPix	622	wheel	0	
mouseMove	window	Chrome Legacy Window	widget	66344	date	2020 03 31 - 14:43:49	timeStampS	1585658629.235	injected	0	xPix	1111	yPix	617	wheel	0	
mouseMove	window	Chrome Legacy Window	widget	66344	date	2020 03 31 - 14:43:49	timeStampS	1585658629.251	injected	0	xPix	1110	yPix	614	wheel	0	
mouseMove	window	Chrome Legacy Window	widget	66344	date	2020 03 31 - 14:43:49	timeStampS	1585658629.266	injected	0	xPix	1110	yPix	611	wheel	0	
mouseLeftDown	window	Chrome Legacy Window	widget	66344	date	2020 03 31 - 14:43:49	timeStampS	1585658629.313	injected	0	xPix	1110	yPix	610	wheel	0	
mouseLeftUp	window	Chrome Legacy Window	widget	66344	date	2020 03 31 - 14:43:49	timeStampS	1585658629.391	injected	0	xPix	1110	yPix	610	wheel	0	
mouseMove	window	Chrome Legacy Window	widget	66344	date	2020 03 31 - 14:43:49	timeStampS	1585658629.438	injected	0	xPix	1109	yPix	610	wheel	0	
mouseMove	window	Chrome Legacy Window	widget	66344	date	2020 03 31 - 14:43:49	timeStampS	1585658629.454	injected	0	xPix	1106	yPix	610	wheel	0	
mouseMove	window	Chrome Legacy Window	widget	66344	date	2020 03 31 - 14:43:49	timeStampS	1585658629.469	injected	0	xPix	1102	yPix	611	wheel	0	
mouseMove	window	Chrome Legacy Window	widget	66344	date	2020 03 31 - 14:43:49	timeStampS	1585658629.485	injected	0	xPix	1091	yPix	613	wheel	0	
mouseMove	window	Chrome Legacy Window	widget	66344	date	2020 03 31 - 14:43:49	timeStampS	1585658629.501	injected	0	xPix	1070	yPix	615	wheel	0	
mouseMove	window	Chrome Legacy Window	widget	66344	date	2020 03 31 - 14:43:49	timeStampS	1585658629.516	injected	0	xPix	1034	yPix	621	wheel	0	
mouseMove	window	Chrome Legacy Window	widget	66344	date	2020 03 31 - 14:43:49	timeStampS	1585658629.532	injected	0	xPix	993	yPix	632	wheel	0	
mouseMove	window	Chrome Legacy Window	widget	66344	date	2020 03 31 - 14:43:49	timeStampS	1585658629.548	injected	0	xPix	944	yPix	649	wheel	0	
mouseMove	window	Chrome Legacy Window	widget	66344	date	2020 03 31 - 14:43:49	timeStampS	1585658629.563	injected	0	xPix	887	yPix	676	wheel	0	
mouseMove	window	Chrome Legacy Window	widget	66344	date	2020 03 31 - 14:43:49	timeStampS	1585658629.579	injected	0	xPix	817	yPix	713	wheel	0	
mouseMove	window	Chrome Legacy Window	widget	66344	date	2020 03 31 - 14:43:49	timeStampS	1585658629.594	injected	0	xPix	750	yPix	752	wheel	0	
mouseMove	window	Chrome Legacy Window	widget	66344	date	2020 03 31 - 14:43:49	timeStampS	1585658629.610	injected	0	xPix	687	yPix	787	wheel	0	
mouseMove	window	Chrome Legacy Window	widget	66344	date	2020 03 31 - 14:43:49	timeStampS	1585658629.626	injected	0	xPix	627	yPix	819	wheel	0	
mouseMove	window	Chrome Legacy Window	widget	66344	date	2020 03 31 - 14:43:49	timeStampS	1585658629.641	injected	0	xPix	571	yPix	848	wheel	0	
mouseMove	window	Chrome Legacy Window	widget	66344	date	2020 03 31 - 14:43:49	timeStampS	1585658629.657	injected	0	xPix	518	yPix	878	wheel	0	
mouseMove	window	Chrome Legacy Window	widget	66344	date	2020 03 31 - 14:43:49	timeStampS	1585658629.673	injected	0	xPix	464	yPix	906	wheel	0	
mouseMove	window	Chrome Legacy Window	widget	66344	date	2020 03 31 - 14:43:49	timeStampS	1585658629.688	injected	0	xPix	422	yPix	927	wheel	0	
mouseMove	window	Chrome Legacy Window	widget	66344	date	2020 03 31 - 14:43:49	timeStampS	1585658629.704	injected	0	xPix	379	yPix	952	wheel	0	
mouseMove	window	Chrome Legacy Window	widget	66344	date	2020 03 31 - 14:43:49	timeStampS	1585658629.719	injected	0	xPix	340	yPix	974	wheel	0	
mouseMove	window	Chrome Legacy Window	widget	66344	date	2020 03 31 - 14:43:49	timeStampS	1585658629.735	injected	0	xPix	311	yPix	992	wheel	0	
mouseMove	window	Chrome Legacy Window	widget	66344	date	2020 03 31 - 14:43:49	timeStampS	1585658629.751	injected	0	xPix	280	yPix	1009	wheel	0	
mouseMove	window	Chrome Legacy Window	widget	66344	date	2020 03 31 - 14:43:49	timeStampS	1585658629.766	injected	0	xPix	258	yPix	1020	wheel	0	
mouseMove	window	Chrome Legacy Window	widget	66344	date	2020 03 31 - 14:43:49	timeStampS	1585658629.782	injected	0	xPix	240	yPix	1030	wheel	0	
mouseMove	window	Chrome Legacy Window	widget	66344	date	2020 03 31 - 14:43:49	timeStampS	1585658629.798	injected	0	xPix	230	yPix	1037	wheel	0	
mouseMove	window	Applications en cours d’exécution	widget	65790	date	2020 03 31 - 14:43:49	timeStampS	1585658629.813	injected	0	xPix	227	yPix	1042	wheel	0	
mouseMove	window	Applications en cours d’exécution	widget	65790	date	2020 03 31 - 14:43:49	timeStampS	1585658629.829	injected	0	xPix	227	yPix	1045	wheel	0	
mouseMove	window	Applications en cours d’exécution	widget	65790	date	2020 03 31 - 14:43:49	timeStampS	1585658629.844	injected	0	xPix	227	yPix	1045	wheel	0	
mouseMove	window	Applications en cours d’exécution	widget	65790	date	2020 03 31 - 14:43:49	timeStampS	1585658629.860	injected	0	xPix	232	yPix	1047	wheel	0	
mouseMove	window	Applications en cours d’exécution	widget	65790	date	2020 03 31 - 14:43:49	timeStampS	1585658629.876	injected	0	xPix	241	yPix	1049	wheel	0	
mouseMove	window	Applications en cours d’exécution	widget	65790	date	2020 03 31 - 14:43:49	timeStampS	1585658629.891	injected	0	xPix	254	yPix	1051	wheel	0	
mouseMove	window	Applications en cours d’exécution	widget	65790	date	2020 03 31 - 14:43:49	timeStampS	1585658629.907	injected	0	xPix	270	yPix	1055	wheel	0	
mouseMove	window	Applications en cours d’exécution	widget	65790	date	2020 03 31 - 14:43:49	timeStampS	1585658629.923	injected	0	xPix	289	yPix	1059	wheel	0	
mouseMove	window	Applications en cours d’exécution	widget	65790	date	2020 03 31 - 14:43:49	timeStampS	1585658629.938	injected	0	xPix	306	yPix	1066	wheel	0	
mouseMove	window	Applications en cours d’exécution	widget	65790	date	2020 03 31 - 14:43:49	timeStampS	1585658629.954	injected	0	xPix	319	yPix	1070	wheel	0	
mouseMove	window	Applications en cours d’exécution	widget	65790	date	2020 03 31 - 14:43:49	timeStampS	1585658629.969	injected	0	xPix	331	yPix	1075	wheel	0	
mouseMove	window	Applications en cours d’exécution	widget	65790	date	2020 03 31 - 14:43:49	timeStampS	1585658629.985	injected	0	xPix	339	yPix	1078	wheel	0	
mouseMove	window	Applications en cours d’exécution	widget	0	date	2020 03 31 - 14:43:50	timeStampS	1585658630.001	injected	0	xPix	344	yPix	1080	wheel	0	
mouseMove	window	Applications en cours d’exécution	widget	65790	date	2020 03 31 - 14:43:50	timeStampS	1585658630.016	injected	0	xPix	351	yPix	1079	wheel	0	
mouseMove	window	Applications en cours d’exécution	widget	0	date	2020 03 31 - 14:43:50	timeStampS	1585658630.032	injected	0	xPix	358	yPix	1080	wheel	0	
mouseMove	window	Applications en cours d’exécution	widget	65790	date	2020 03 31 - 14:43:50	timeStampS	1585658630.048	injected	0	xPix	365	yPix	1079	wheel	0	
mouseMove	window	Applications en cours d’exécution	widget	65790	date	2020 03 31 - 14:43:50	timeStampS	1585658630.063	injected	0	xPix	373	yPix	1079	wheel	0	
mouseMove	window	Applications en cours d’exécution	widget	65790	date	2020 03 31 - 14:43:50	timeStampS	1585658630.079	injected	0	xPix	380	yPix	1079	wheel	0	
mouseMove	window	Applications en cours d’exécution	widget	65790	date	2020 03 31 - 14:43:50	timeStampS	1585658630.094	injected	0	xPix	382	yPix	1079	wheel	0	
mouseLeftDown	window	Applications en cours d’exécution	widget	65790	date	2020 03 31 - 14:43:50	timeStampS	1585658630.251	injected	0	xPix	382	yPix	1079	wheel	0	
mouseLeftUp	window	Applications en cours d’exécution	widget	65790	date	2020 03 31 - 14:43:50	timeStampS	1585658630.329	injected	0	xPix	382	yPix	1079	wheel	0	
mouseMove	window	Applications en cours d’exécution	widget	65790	date	2020 03 31 - 14:43:50	timeStampS	1585658630.376	injected	0	xPix	382	yPix	1079	wheel	0	
mouseMove	window	Applications en cours d’exécution	widget	65790	date	2020 03 31 - 14:43:50	timeStampS	1585658630.391	injected	0	xPix	379	yPix	1075	wheel	0	
mouseMove	window	Applications en cours d’exécution	widget	65790	date	2020 03 31 - 14:43:50	timeStampS	1585658630.407	injected	0	xPix	370	yPix	1064	wheel	0	
mouseMove	window	Applications en cours d’exécution	widget	65790	date	2020 03 31 - 14:43:50	timeStampS	1585658630.423	injected	0	xPix	360	yPix	1045	wheel	0	
mouseMove	window	Chrome Legacy Window	widget	66344	date	2020 03 31 - 14:43:50	timeStampS	1585658630.438	injected	0	xPix	352	yPix	1021	wheel	0	
mouseMove	window	Chrome Legacy Window	widget	66344	date	2020 03 31 - 14:43:50	timeStampS	1585658630.454	injected	0	xPix	348	yPix	993	wheel	0	
mouseMove	window	Chrome Legacy Window	widget	66344	date	2020 03 31 - 14:43:50	timeStampS	1585658630.469	injected	0	xPix	347	yPix	954	wheel	0	
mouseMove	window	Chrome Legacy Window	widget	66344	date	2020 03 31 - 14:43:50	timeStampS	1585658630.485	injected	0	xPix	344	yPix	905	wheel	0	
mouseMove	window	Chrome Legacy Window	widget	66344	date	2020 03 31 - 14:43:50	timeStampS	1585658630.501	injected	0	xPix	333	yPix	841	wheel	0	
mouseMove	window	Chrome Legacy Window	widget	66344	date	2020 03 31 - 14:43:50	timeStampS	1585658630.516	injected	0	xPix	313	yPix	770	wheel	0	
mouseMove	window	Chrome Legacy Window	widget	66344	date	2020 03 31 - 14:43:50	timeStampS	1585658630.532	injected	0	xPix	290	yPix	702	wheel	0	
mouseMove	window	Chrome Legacy Window	widget	66344	date	2020 03 31 - 14:43:50	timeStampS	1585658630.548	injected	0	xPix	266	yPix	643	wheel	0	
mouseMove	window	Chrome Legacy Window	widget	66344	date	2020 03 31 - 14:43:50	timeStampS	1585658630.563	injected	0	xPix	248	yPix	599	wheel	0	
mouseMove	window	Chrome Legacy Window	widget	66344	date	2020 03 31 - 14:43:50	timeStampS	1585658630.579	injected	0	xPix	232	yPix	558	wheel	0	
mouseMove	window	Chrome Legacy Window	widget	66344	date	2020 03 31 - 14:43:50	timeStampS	1585658630.594	injected	0	xPix	219	yPix	510	wheel	0	
mouseMove	window	Chrome Legacy Window	widget	66344	date	2020 03 31 - 14:43:50	timeStampS	1585658630.610	injected	0	xPix	210	yPix	471	wheel	0	
mouseMove	window	Chrome Legacy Window	widget	66344	date	2020 03 31 - 14:43:50	timeStampS	1585658630.626	injected	0	xPix	203	yPix	435	wheel	0	
mouseMove	window	Chrome Legacy Window	widget	66344	date	2020 03 31 - 14:43:50	timeStampS	1585658630.641	injected	0	xPix	201	yPix	410	wheel	0	
mouseMove	window	Chrome Legacy Window	widget	66344	date	2020 03 31 - 14:43:50	timeStampS	1585658630.657	injected	0	xPix	201	yPix	394	wheel	0	
mouseMove	window	Chrome Legacy Window	widget	66344	date	2020 03 31 - 14:43:50	timeStampS	1585658630.673	injected	0	xPix	200	yPix	385	wheel	0	
mouseMove	window	Chrome Legacy Window	widget	66344	date	2020 03 31 - 14:43:50	timeStampS	1585658630.688	injected	0	xPix	199	yPix	378	wheel	0	
mouseMove	window	Chrome Legacy Window	widget	66344	date	2020 03 31 - 14:43:50	timeStampS	1585658630.704	injected	0	xPix	198	yPix	372	wheel	0	
mouseMove	window	Chrome Legacy Window	widget	66344	date	2020 03 31 - 14:43:50	timeStampS	1585658630.719	injected	0	xPix	196	yPix	365	wheel	0	
mouseMove	window	Chrome Legacy Window	widget	66344	date	2020 03 31 - 14:43:50	timeStampS	1585658630.735	injected	0	xPix	195	yPix	358	wheel	0	
mouseMove	window	Chrome Legacy Window	widget	66344	date	2020 03 31 - 14:43:50	timeStampS	1585658630.751	injected	0	xPix	195	yPix	351	wheel	0	
mouseMove	window	Chrome Legacy Window	widget	66344	date	2020 03 31 - 14:43:50	timeStampS	1585658630.766	injected	0	xPix	195	yPix	343	wheel	0	
mouseMove	window	Chrome Legacy Window	widget	66344	date	2020 03 31 - 14:43:50	timeStampS	1585658630.782	injected	0	xPix	195	yPix	335	wheel	0	
mouseMove	window	Chrome Legacy Window	widget	66344	date	2020 03 31 - 14:43:50	timeStampS	1585658630.798	injected	0	xPix	195	yPix	327	wheel	0	
mouseMove	window	Chrome Legacy Window	widget	66344	date	2020 03 31 - 14:43:50	timeStampS	1585658630.813	injected	0	xPix	195	yPix	318	wheel	0	
mouseMove	window	Chrome Legacy Window	widget	66344	date	2020 03 31 - 14:43:50	timeStampS	1585658630.829	injected	0	xPix	195	yPix	307	wheel	0	
mouseMove	window	Chrome Legacy Window	widget	66344	date	2020 03 31 - 14:43:50	timeStampS	1585658630.844	injected	0	xPix	195	yPix	294	wheel	0	
mouseMove	window	Chrome Legacy Window	widget	66344	date	2020 03 31 - 14:43:50	timeStampS	1585658630.860	injected	0	xPix	196	yPix	282	wheel	0	
mouseMove	window	Chrome Legacy Window	widget	66344	date	2020 03 31 - 14:43:50	timeStampS	1585658630.876	injected	0	xPix	199	yPix	268	wheel	0	
mouseMove	window	Chrome Legacy Window	widget	66344	date	2020 03 31 - 14:43:50	timeStampS	1585658630.891	injected	0	xPix	204	yPix	255	wheel	0	
mouseMove	window	Système d'analyse de traces - Arreter l'exercice	widget	3606070	date	2020 03 31 - 14:43:50	timeStampS	1585658630.907	injected	0	xPix	208	yPix	245	wheel	0	
mouseMove	window	Système d'analyse de traces - Arreter l'exercice	widget	3606070	date	2020 03 31 - 14:43:50	timeStampS	1585658630.923	injected	0	xPix	212	yPix	241	wheel	0	
mouseMove	window	Système d'analyse de traces - Arreter l'exercice	widget	3606070	date	2020 03 31 - 14:43:50	timeStampS	1585658630.938	injected	0	xPix	215	yPix	239	wheel	0	
mouseMove	window	Système d'analyse de traces - Arreter l'exercice	widget	2294690	date	2020 03 31 - 14:43:50	timeStampS	1585658630.954	injected	0	xPix	217	yPix	239	wheel	0	
mouseMove	window	Système d'analyse de traces - Arreter l'exercice	widget	2294690	date	2020 03 31 - 14:43:50	timeStampS	1585658630.969	injected	0	xPix	219	yPix	239	wheel	0	
mouseMove	window	Système d'analyse de traces - Arreter l'exercice	widget	2294690	date	2020 03 31 - 14:43:50	timeStampS	1585658630.985	injected	0	xPix	220	yPix	239	wheel	0	
mouseMove	window	Système d'analyse de traces - Arreter l'exercice	widget	3606070	date	2020 03 31 - 14:43:51	timeStampS	1585658631.001	injected	0	xPix	224	yPix	238	wheel	0	
mouseMove	window	Système d'analyse de traces - Arreter l'exercice	widget	3606070	date	2020 03 31 - 14:43:51	timeStampS	1585658631.016	injected	0	xPix	229	yPix	238	wheel	0	
mouseMove	window	Système d'analyse de traces - Arreter l'exercice	widget	3606070	date	2020 03 31 - 14:43:51	timeStampS	1585658631.032	injected	0	xPix	234	yPix	236	wheel	0	
mouseMove	window	Système d'analyse de traces - Arreter l'exercice	widget	3606070	date	2020 03 31 - 14:43:51	timeStampS	1585658631.048	injected	0	xPix	236	yPix	235	wheel	0	
mouseMove	window	Système d'analyse de traces - Arreter l'exercice	widget	3606070	date	2020 03 31 - 14:43:51	timeStampS	1585658631.110	injected	0	xPix	239	yPix	235	wheel	0	
mouseMove	window	Système d'analyse de traces - Arreter l'exercice	widget	3606070	date	2020 03 31 - 14:43:51	timeStampS	1585658631.126	injected	0	xPix	239	yPix	235	wheel	0	
mouseMove	window	Système d'analyse de traces - Arreter l'exercice	widget	2294690	date	2020 03 31 - 14:43:51	timeStampS	1585658631.141	injected	0	xPix	240	yPix	240	wheel	0	
mouseMove	window	Système d'analyse de traces - Arreter l'exercice	widget	2294690	date	2020 03 31 - 14:43:51	timeStampS	1585658631.157	injected	0	xPix	244	yPix	246	wheel	0	
mouseMove	window	Système d'analyse de traces - Arreter l'exercice	widget	2294690	date	2020 03 31 - 14:43:51	timeStampS	1585658631.173	injected	0	xPix	249	yPix	254	wheel	0	
mouseMove	window	Système d'analyse de traces - Arreter l'exercice	widget	2294690	date	2020 03 31 - 14:43:51	timeStampS	1585658631.188	injected	0	xPix	255	yPix	260	wheel	0	
mouseMove	window	Système d'analyse de traces - Arreter l'exercice	widget	2294690	date	2020 03 31 - 14:43:51	timeStampS	1585658631.204	injected	0	xPix	259	yPix	263	wheel	0	
mouseMove	window	Système d'analyse de traces - Arreter l'exercice	widget	2294690	date	2020 03 31 - 14:43:51	timeStampS	1585658631.219	injected	0	xPix	261	yPix	264	wheel	0	
mouseLeftDown	window	Système d'analyse de traces - Arreter l'exercice	widget	2294690	date	2020 03 31 - 14:43:51	timeStampS	1585658631.282	injected	0	xPix	261	yPix	264	wheel	0	
mouseLeftUp	window	Système d'analyse de traces - Arreter l'exercice	widget	2294690	date	2020 03 31 - 14:43:51	timeStampS	1585658631.376	injected	0	xPix	261	yPix	264	wheel	0	
mouseMove	window	Chrome Legacy Window	widget	66344	date	2020 03 31 - 14:43:51	timeStampS	1585658631.438	injected	0	xPix	261	yPix	265	wheel	0	
stopLogger	window	 général-du-sang-?? - Discord	widget	66340	date	2020 03 31 - 14:43:51	timeStampS	1585658631.719	injected	1	session	0	block	0	trial	0	
mouseMove	window	Arborescence	widget	67310	date	2020 03 31 - 15:35:12	timeStampS	1585661712.176	injected	0	xPix	367	yPix	858	wheel	0	
mouseMove	window	Arborescence	widget	67310	date	2020 03 31 - 15:35:12	timeStampS	1585661712.191	injected	0	xPix	369	yPix	876	wheel	0	
mouseMove	window	Arborescence	widget	67310	date	2020 03 31 - 15:35:12	timeStampS	1585661712.207	injected	0	xPix	370	yPix	895	wheel	0	
mouseMove	window	Arborescence	widget	67302	date	2020 03 31 - 15:35:12	timeStampS	1585661712.222	injected	0	xPix	370	yPix	907	wheel	0	
mouseMove	window	Arborescence	widget	67302	date	2020 03 31 - 15:35:12	timeStampS	1585661712.238	injected	0	xPix	370	yPix	916	wheel	0	
mouseMove	window	Arborescence	widget	67302	date	2020 03 31 - 15:35:12	timeStampS	1585661712.254	injected	0	xPix	368	yPix	922	wheel	0	
mouseMove	window	TelecommandeEtudiant	widget	1770620	date	2020 03 31 - 15:35:12	timeStampS	1585661712.269	injected	0	xPix	364	yPix	927	wheel	0	
mouseMove	window	TelecommandeEtudiant	widget	1770620	date	2020 03 31 - 15:35:12	timeStampS	1585661712.285	injected	0	xPix	360	yPix	931	wheel	0	
mouseMove	window	Spyder (Python 3.7)	widget	983650	date	2020 03 31 - 15:35:12	timeStampS	1585661712.301	injected	0	xPix	356	yPix	935	wheel	0	
mouseMove	window	Spyder (Python 3.7)	widget	983650	date	2020 03 31 - 15:35:12	timeStampS	1585661712.316	injected	0	xPix	349	yPix	939	wheel	0	
mouseMove	window	Spyder (Python 3.7)	widget	983650	date	2020 03 31 - 15:35:12	timeStampS	1585661712.332	injected	0	xPix	341	yPix	946	wheel	0	
mouseMove	window	Spyder (Python 3.7)	widget	983650	date	2020 03 31 - 15:35:12	timeStampS	1585661712.347	injected	0	xPix	332	yPix	955	wheel	0	
mouseMove	window	Spyder (Python 3.7)	widget	983650	date	2020 03 31 - 15:35:12	timeStampS	1585661712.363	injected	0	xPix	322	yPix	964	wheel	0	
mouseMove	window	Spyder (Python 3.7)	widget	983650	date	2020 03 31 - 15:35:12	timeStampS	1585661712.379	injected	0	xPix	312	yPix	973	wheel	0	
mouseMove	window	Spyder (Python 3.7)	widget	983650	date	2020 03 31 - 15:35:12	timeStampS	1585661712.394	injected	0	xPix	304	yPix	979	wheel	0	
mouseMove	window	Spyder (Python 3.7)	widget	983650	date	2020 03 31 - 15:35:12	timeStampS	1585661712.410	injected	0	xPix	295	yPix	985	wheel	0	
mouseMove	window	Spyder (Python 3.7)	widget	983650	date	2020 03 31 - 15:35:12	timeStampS	1585661712.426	injected	0	xPix	290	yPix	991	wheel	0	
mouseMove	window	Spyder (Python 3.7)	widget	983650	date	2020 03 31 - 15:35:12	timeStampS	1585661712.441	injected	0	xPix	285	yPix	997	wheel	0	
mouseMove	window	Spyder (Python 3.7)	widget	983650	date	2020 03 31 - 15:35:12	timeStampS	1585661712.457	injected	0	xPix	280	yPix	1005	wheel	0	
mouseMove	window	Spyder (Python 3.7)	widget	983650	date	2020 03 31 - 15:35:12	timeStampS	1585661712.472	injected	0	xPix	277	yPix	1015	wheel	0	
mouseMove	window	Spyder (Python 3.7)	widget	983650	date	2020 03 31 - 15:35:12	timeStampS	1585661712.488	injected	0	xPix	274	yPix	1025	wheel	0	
mouseMove	window	Spyder (Python 3.7)	widget	983650	date	2020 03 31 - 15:35:12	timeStampS	1585661712.504	injected	0	xPix	272	yPix	1036	wheel	0	
mouseMove	window	Applications en cours d’exécution	widget	65790	date	2020 03 31 - 15:35:12	timeStampS	1585661712.519	injected	0	xPix	272	yPix	1043	wheel	0	
mouseMove	window	Applications en cours d’exécution	widget	65790	date	2020 03 31 - 15:35:12	timeStampS	1585661712.535	injected	0	xPix	271	yPix	1049	wheel	0	
mouseMove	window	Applications en cours d’exécution	widget	65790	date	2020 03 31 - 15:35:12	timeStampS	1585661712.551	injected	0	xPix	271	yPix	1053	wheel	0	
mouseMove	window	Applications en cours d’exécution	widget	65790	date	2020 03 31 - 15:35:12	timeStampS	1585661712.566	injected	0	xPix	271	yPix	1057	wheel	0	
mouseMove	window	Applications en cours d’exécution	widget	65790	date	2020 03 31 - 15:35:12	timeStampS	1585661712.582	injected	0	xPix	271	yPix	1060	wheel	0	
mouseMove	window	Applications en cours d’exécution	widget	65790	date	2020 03 31 - 15:35:12	timeStampS	1585661712.597	injected	0	xPix	271	yPix	1064	wheel	0	
mouseMove	window	Applications en cours d’exécution	widget	65790	date	2020 03 31 - 15:35:12	timeStampS	1585661712.613	injected	0	xPix	271	yPix	1067	wheel	0	
mouseMove	window	Applications en cours d’exécution	widget	65790	date	2020 03 31 - 15:35:12	timeStampS	1585661712.629	injected	0	xPix	271	yPix	1068	wheel	0	
mouseLeftDown	window	Applications en cours d’exécution	widget	65790	date	2020 03 31 - 15:35:13	timeStampS	1585661713.582	injected	0	xPix	271	yPix	1069	wheel	0	
mouseLeftUp	window	Applications en cours d’exécution	widget	65790	date	2020 03 31 - 15:35:13	timeStampS	1585661713.691	injected	0	xPix	271	yPix	1069	wheel	0	
mouseMove	window	Applications en cours d’exécution	widget	65790	date	2020 03 31 - 15:35:13	timeStampS	1585661713.801	injected	0	xPix	271	yPix	1069	wheel	0	
mouseMove	window	Applications en cours d’exécution	widget	65790	date	2020 03 31 - 15:35:13	timeStampS	1585661713.816	injected	0	xPix	274	yPix	1067	wheel	0	
mouseMove	window	Applications en cours d’exécution	widget	65790	date	2020 03 31 - 15:35:13	timeStampS	1585661713.832	injected	0	xPix	283	yPix	1062	wheel	0	
mouseMove	window	Applications en cours d’exécution	widget	65790	date	2020 03 31 - 15:35:13	timeStampS	1585661713.847	injected	0	xPix	295	yPix	1056	wheel	0	
mouseMove	window	Applications en cours d’exécution	widget	65790	date	2020 03 31 - 15:35:13	timeStampS	1585661713.863	injected	0	xPix	314	yPix	1047	wheel	0	
mouseMove	window	Spyder (Python 3.7)	widget	983650	date	2020 03 31 - 15:35:13	timeStampS	1585661713.879	injected	0	xPix	336	yPix	1034	wheel	0	
mouseMove	window	Spyder (Python 3.7)	widget	983650	date	2020 03 31 - 15:35:13	timeStampS	1585661713.894	injected	0	xPix	358	yPix	1018	wheel	0	
mouseMove	window	Spyder (Python 3.7)	widget	983650	date	2020 03 31 - 15:35:13	timeStampS	1585661713.910	injected	0	xPix	377	yPix	1001	wheel	0	
mouseMove	window	Spyder (Python 3.7)	widget	983650	date	2020 03 31 - 15:35:13	timeStampS	1585661713.926	injected	0	xPix	391	yPix	986	wheel	0	
mouseMove	window	Spyder (Python 3.7)	widget	983650	date	2020 03 31 - 15:35:13	timeStampS	1585661713.941	injected	0	xPix	403	yPix	973	wheel	0	
mouseMove	window	Spyder (Python 3.7)	widget	983650	date	2020 03 31 - 15:35:13	timeStampS	1585661713.957	injected	0	xPix	415	yPix	961	wheel	0	
mouseMove	window	Spyder (Python 3.7)	widget	983650	date	2020 03 31 - 15:35:13	timeStampS	1585661713.972	injected	0	xPix	424	yPix	952	wheel	0	
mouseMove	window	Spyder (Python 3.7)	widget	983650	date	2020 03 31 - 15:35:13	timeStampS	1585661713.988	injected	0	xPix	430	yPix	945	wheel	0	
mouseMove	window	Spyder (Python 3.7)	widget	983650	date	2020 03 31 - 15:35:14	timeStampS	1585661714.004	injected	0	xPix	434	yPix	940	wheel	0	
mouseMove	window	Spyder (Python 3.7)	widget	983650	date	2020 03 31 - 15:35:14	timeStampS	1585661714.019	injected	0	xPix	437	yPix	934	wheel	0	
mouseMove	window	Spyder (Python 3.7)	widget	983650	date	2020 03 31 - 15:35:14	timeStampS	1585661714.035	injected	0	xPix	440	yPix	932	wheel	0	
mouseMove	window	Spyder (Python 3.7)	widget	983650	date	2020 03 31 - 15:35:14	timeStampS	1585661714.051	injected	0	xPix	442	yPix	930	wheel	0	
mouseMove	window	Spyder (Python 3.7)	widget	983650	date	2020 03 31 - 15:35:14	timeStampS	1585661714.113	injected	0	xPix	442	yPix	930	wheel	0	
mouseMove	window	Spyder (Python 3.7)	widget	983650	date	2020 03 31 - 15:35:14	timeStampS	1585661714.129	injected	0	xPix	442	yPix	932	wheel	0	
mouseMove	window	Spyder (Python 3.7)	widget	983650	date	2020 03 31 - 15:35:14	timeStampS	1585661714.144	injected	0	xPix	442	yPix	939	wheel	0	
mouseMove	window	Spyder (Python 3.7)	widget	983650	date	2020 03 31 - 15:35:14	timeStampS	1585661714.160	injected	0	xPix	442	yPix	945	wheel	0	
mouseMove	window	Spyder (Python 3.7)	widget	983650	date	2020 03 31 - 15:35:14	timeStampS	1585661714.176	injected	0	xPix	442	yPix	952	wheel	0	
mouseMove	window	Spyder (Python 3.7)	widget	983650	date	2020 03 31 - 15:35:14	timeStampS	1585661714.191	injected	0	xPix	443	yPix	958	wheel	0	
mouseMove	window	Spyder (Python 3.7)	widget	983650	date	2020 03 31 - 15:35:14	timeStampS	1585661714.207	injected	0	xPix	446	yPix	961	wheel	0	
mouseMove	window	Spyder (Python 3.7)	widget	983650	date	2020 03 31 - 15:35:14	timeStampS	1585661714.222	injected	0	xPix	449	yPix	962	wheel	0	
mouseMove	window	Spyder (Python 3.7)	widget	983650	date	2020 03 31 - 15:35:14	timeStampS	1585661714.238	injected	0	xPix	453	yPix	964	wheel	0	
mouseMove	window	Spyder (Python 3.7)	widget	983650	date	2020 03 31 - 15:35:14	timeStampS	1585661714.254	injected	0	xPix	458	yPix	964	wheel	0	
mouseMove	window	Spyder (Python 3.7)	widget	983650	date	2020 03 31 - 15:35:14	timeStampS	1585661714.269	injected	0	xPix	463	yPix	964	wheel	0	
mouseMove	window	Spyder (Python 3.7)	widget	983650	date	2020 03 31 - 15:35:14	timeStampS	1585661714.285	injected	0	xPix	469	yPix	963	wheel	0	
mouseMove	window	Spyder (Python 3.7)	widget	983650	date	2020 03 31 - 15:35:14	timeStampS	1585661714.301	injected	0	xPix	477	yPix	963	wheel	0	
mouseMove	window	Spyder (Python 3.7)	widget	983650	date	2020 03 31 - 15:35:14	timeStampS	1585661714.316	injected	0	xPix	484	yPix	963	wheel	0	
mouseMove	window	Spyder (Python 3.7)	widget	983650	date	2020 03 31 - 15:35:14	timeStampS	1585661714.332	injected	0	xPix	491	yPix	963	wheel	0	
mouseMove	window	Spyder (Python 3.7)	widget	983650	date	2020 03 31 - 15:35:14	timeStampS	1585661714.347	injected	0	xPix	495	yPix	963	wheel	0	
mouseMove	window	Spyder (Python 3.7)	widget	983650	date	2020 03 31 - 15:35:14	timeStampS	1585661714.363	injected	0	xPix	499	yPix	963	wheel	0	
mouseMove	window	Spyder (Python 3.7)	widget	983650	date	2020 03 31 - 15:35:14	timeStampS	1585661714.379	injected	0	xPix	501	yPix	963	wheel	0	
mouseMove	window	Spyder (Python 3.7)	widget	983650	date	2020 03 31 - 15:35:14	timeStampS	1585661714.394	injected	0	xPix	504	yPix	962	wheel	0	
mouseMove	window	Spyder (Python 3.7)	widget	983650	date	2020 03 31 - 15:35:14	timeStampS	1585661714.410	injected	0	xPix	505	yPix	960	wheel	0	
mouseMove	window	Spyder (Python 3.7)	widget	983650	date	2020 03 31 - 15:35:14	timeStampS	1585661714.426	injected	0	xPix	506	yPix	958	wheel	0	
mouseMove	window	Spyder (Python 3.7)	widget	983650	date	2020 03 31 - 15:35:14	timeStampS	1585661714.441	injected	0	xPix	507	yPix	955	wheel	0	
mouseMove	window	Spyder (Python 3.7)	widget	983650	date	2020 03 31 - 15:35:14	timeStampS	1585661714.457	injected	0	xPix	507	yPix	951	wheel	0	
mouseMove	window	Spyder (Python 3.7)	widget	983650	date	2020 03 31 - 15:35:14	timeStampS	1585661714.472	injected	0	xPix	507	yPix	942	wheel	0	
mouseMove	window	Spyder (Python 3.7)	widget	983650	date	2020 03 31 - 15:35:14	timeStampS	1585661714.488	injected	0	xPix	504	yPix	923	wheel	0	
mouseMove	window	Spyder (Python 3.7)	widget	983650	date	2020 03 31 - 15:35:14	timeStampS	1585661714.504	injected	0	xPix	500	yPix	883	wheel	0	
mouseMove	window	Spyder (Python 3.7)	widget	983650	date	2020 03 31 - 15:35:14	timeStampS	1585661714.519	injected	0	xPix	500	yPix	827	wheel	0	
mouseMove	window	Spyder (Python 3.7)	widget	983650	date	2020 03 31 - 15:35:14	timeStampS	1585661714.535	injected	0	xPix	495	yPix	770	wheel	0	
mouseMove	window	Spyder (Python 3.7)	widget	983650	date	2020 03 31 - 15:35:14	timeStampS	1585661714.551	injected	0	xPix	486	yPix	724	wheel	0	
mouseMove	window	Spyder (Python 3.7)	widget	983650	date	2020 03 31 - 15:35:14	timeStampS	1585661714.566	injected	0	xPix	477	yPix	680	wheel	0	
mouseMove	window	Spyder (Python 3.7)	widget	983650	date	2020 03 31 - 15:35:14	timeStampS	1585661714.582	injected	0	xPix	469	yPix	631	wheel	0	
mouseMove	window	Spyder (Python 3.7)	widget	983650	date	2020 03 31 - 15:35:14	timeStampS	1585661714.597	injected	0	xPix	461	yPix	583	wheel	0	
mouseMove	window	Spyder (Python 3.7)	widget	983650	date	2020 03 31 - 15:35:14	timeStampS	1585661714.613	injected	0	xPix	450	yPix	537	wheel	0	
mouseMove	window	Spyder (Python 3.7)	widget	983650	date	2020 03 31 - 15:35:14	timeStampS	1585661714.629	injected	0	xPix	438	yPix	504	wheel	0	
mouseMove	window	Spyder (Python 3.7)	widget	983650	date	2020 03 31 - 15:35:14	timeStampS	1585661714.644	injected	0	xPix	429	yPix	481	wheel	0	
mouseMove	window	Spyder (Python 3.7)	widget	983650	date	2020 03 31 - 15:35:14	timeStampS	1585661714.660	injected	0	xPix	421	yPix	466	wheel	0	
mouseMove	window	Spyder (Python 3.7)	widget	983650	date	2020 03 31 - 15:35:14	timeStampS	1585661714.676	injected	0	xPix	415	yPix	454	wheel	0	
mouseMove	window	Spyder (Python 3.7)	widget	983650	date	2020 03 31 - 15:35:14	timeStampS	1585661714.691	injected	0	xPix	411	yPix	443	wheel	0	
mouseMove	window	Spyder (Python 3.7)	widget	983650	date	2020 03 31 - 15:35:14	timeStampS	1585661714.707	injected	0	xPix	406	yPix	426	wheel	0	
mouseMove	window	Spyder (Python 3.7)	widget	983650	date	2020 03 31 - 15:35:14	timeStampS	1585661714.722	injected	0	xPix	400	yPix	409	wheel	0	
mouseMove	window	Spyder (Python 3.7)	widget	983650	date	2020 03 31 - 15:35:14	timeStampS	1585661714.738	injected	0	xPix	393	yPix	391	wheel	0	
mouseMove	window	Spyder (Python 3.7)	widget	983650	date	2020 03 31 - 15:35:14	timeStampS	1585661714.754	injected	0	xPix	387	yPix	378	wheel	0	
mouseMove	window	Spyder (Python 3.7)	widget	983650	date	2020 03 31 - 15:35:14	timeStampS	1585661714.769	injected	0	xPix	381	yPix	368	wheel	0	
mouseMove	window	Spyder (Python 3.7)	widget	983650	date	2020 03 31 - 15:35:14	timeStampS	1585661714.785	injected	0	xPix	376	yPix	361	wheel	0	
mouseMove	window	Spyder (Python 3.7)	widget	983650	date	2020 03 31 - 15:35:14	timeStampS	1585661714.801	injected	0	xPix	374	yPix	357	wheel	0	
mouseMove	window	Spyder (Python 3.7)	widget	983650	date	2020 03 31 - 15:35:14	timeStampS	1585661714.816	injected	0	xPix	372	yPix	353	wheel	0	
mouseMove	window	Spyder (Python 3.7)	widget	983650	date	2020 03 31 - 15:35:14	timeStampS	1585661714.832	injected	0	xPix	370	yPix	344	wheel	0	
mouseMove	window	Spyder (Python 3.7)	widget	983650	date	2020 03 31 - 15:35:14	timeStampS	1585661714.847	injected	0	xPix	369	yPix	328	wheel	0	
mouseMove	window	Spyder (Python 3.7)	widget	983650	date	2020 03 31 - 15:35:14	timeStampS	1585661714.863	injected	0	xPix	367	yPix	305	wheel	0	
mouseMove	window	Spyder (Python 3.7)	widget	983650	date	2020 03 31 - 15:35:14	timeStampS	1585661714.879	injected	0	xPix	363	yPix	285	wheel	0	
mouseMove	window	Spyder (Python 3.7)	widget	983650	date	2020 03 31 - 15:35:14	timeStampS	1585661714.894	injected	0	xPix	357	yPix	269	wheel	0	
mouseMove	window	Spyder (Python 3.7)	widget	983650	date	2020 03 31 - 15:35:14	timeStampS	1585661714.910	injected	0	xPix	351	yPix	257	wheel	0	
mouseMove	window	Spyder (Python 3.7)	widget	983650	date	2020 03 31 - 15:35:14	timeStampS	1585661714.926	injected	0	xPix	347	yPix	251	wheel	0	
mouseMove	window	Spyder (Python 3.7)	widget	983650	date	2020 03 31 - 15:35:14	timeStampS	1585661714.941	injected	0	xPix	343	yPix	246	wheel	0	
mouseMove	window	Spyder (Python 3.7)	widget	983650	date	2020 03 31 - 15:35:14	timeStampS	1585661714.957	injected	0	xPix	339	yPix	242	wheel	0	
mouseMove	window	Spyder (Python 3.7)	widget	983650	date	2020 03 31 - 15:35:14	timeStampS	1585661714.972	injected	0	xPix	336	yPix	236	wheel	0	
mouseMove	window	Spyder (Python 3.7)	widget	983650	date	2020 03 31 - 15:35:14	timeStampS	1585661714.988	injected	0	xPix	332	yPix	227	wheel	0	
mouseMove	window	Spyder (Python 3.7)	widget	983650	date	2020 03 31 - 15:35:15	timeStampS	1585661715.004	injected	0	xPix	328	yPix	218	wheel	0	
mouseMove	window	Spyder (Python 3.7)	widget	983650	date	2020 03 31 - 15:35:15	timeStampS	1585661715.019	injected	0	xPix	324	yPix	208	wheel	0	
mouseMove	window	Spyder (Python 3.7)	widget	983650	date	2020 03 31 - 15:35:15	timeStampS	1585661715.035	injected	0	xPix	321	yPix	201	wheel	0	
mouseMove	window	Spyder (Python 3.7)	widget	983650	date	2020 03 31 - 15:35:15	timeStampS	1585661715.051	injected	0	xPix	318	yPix	197	wheel	0	
mouseMove	window	Spyder (Python 3.7)	widget	983650	date	2020 03 31 - 15:35:15	timeStampS	1585661715.066	injected	0	xPix	318	yPix	195	wheel	0	
mouseLeftDown	window	Spyder (Python 3.7)	widget	983650	date	2020 03 31 - 15:35:15	timeStampS	1585661715.207	injected	0	xPix	318	yPix	195	wheel	0	
mouseLeftUp	window	Spyder (Python 3.7)	widget	983650	date	2020 03 31 - 15:35:15	timeStampS	1585661715.316	injected	0	xPix	318	yPix	195	wheel	0	
keyDown	window	Spyder (Python 3.7)	widget	983650	date	2020 03 31 - 15:35:15	timeStampS	1585661715.597	injected	0	key	Z	ascii	122	scanCode	17	keyId	90	extended	0	alt	0	
keyDown	window	Spyder (Python 3.7)	widget	983650	date	2020 03 31 - 15:35:15	timeStampS	1585661715.722	injected	0	key	E	ascii	101	scanCode	18	keyId	69	extended	0	alt	0	
keyUp	window	Spyder (Python 3.7)	widget	983650	date	2020 03 31 - 15:35:15	timeStampS	1585661715.816	injected	0	key	Z	ascii	122	scanCode	17	keyId	90	extended	0	alt	0	
keyUp	window	Spyder (Python 3.7)	widget	983650	date	2020 03 31 - 15:35:15	timeStampS	1585661715.894	injected	0	key	E	ascii	101	scanCode	18	keyId	69	extended	0	alt	0	
keyDown	window	Spyder (Python 3.7)	widget	983650	date	2020 03 31 - 15:35:15	timeStampS	1585661715.894	injected	0	key	Z	ascii	122	scanCode	17	keyId	90	extended	0	alt	0	
keyDown	window	Spyder (Python 3.7)	widget	983650	date	2020 03 31 - 15:35:16	timeStampS	1585661716.019	injected	0	key	E	ascii	101	scanCode	18	keyId	69	extended	0	alt	0	
keyUp	window	Spyder (Python 3.7)	widget	983650	date	2020 03 31 - 15:35:16	timeStampS	1585661716.082	injected	0	key	Z	ascii	122	scanCode	17	keyId	90	extended	0	alt	0	
keyDown	window	Spyder (Python 3.7)	widget	983650	date	2020 03 31 - 15:35:16	timeStampS	1585661716.176	injected	0	key	Z	ascii	122	scanCode	17	keyId	90	extended	0	alt	0	
keyUp	window	Spyder (Python 3.7)	widget	983650	date	2020 03 31 - 15:35:16	timeStampS	1585661716.207	injected	0	key	E	ascii	101	scanCode	18	keyId	69	extended	0	alt	0	
keyDown	window	Spyder (Python 3.7)	widget	983650	date	2020 03 31 - 15:35:16	timeStampS	1585661716.285	injected	0	key	E	ascii	101	scanCode	18	keyId	69	extended	0	alt	0	
keyUp	window	Spyder (Python 3.7)	widget	983650	date	2020 03 31 - 15:35:16	timeStampS	1585661716.363	injected	0	key	Z	ascii	122	scanCode	17	keyId	90	extended	0	alt	0	
keyUp	window	Spyder (Python 3.7)	widget	983650	date	2020 03 31 - 15:35:16	timeStampS	1585661716.457	injected	0	key	E	ascii	101	scanCode	18	keyId	69	extended	0	alt	0	
keyDown	window	Spyder (Python 3.7)	widget	983650	date	2020 03 31 - 15:35:17	timeStampS	1585661717.051	injected	0	key	Lcontrol	ascii	0	scanCode	29	keyId	162	extended	0	alt	0	
keyDown	window	Spyder (Python 3.7)	widget	983650	date	2020 03 31 - 15:35:17	timeStampS	1585661717.254	injected	0	key	Z	ascii	26	scanCode	17	keyId	90	extended	0	alt	0	
keyUp	window	Spyder (Python 3.7)	widget	983650	date	2020 03 31 - 15:35:17	timeStampS	1585661717.457	injected	0	key	Z	ascii	26	scanCode	17	keyId	90	extended	0	alt	0	
keyUp	window	Spyder (Python 3.7)	widget	983650	date	2020 03 31 - 15:35:18	timeStampS	1585661718.254	injected	0	key	Lcontrol	ascii	0	scanCode	29	keyId	162	extended	0	alt	0	
mouseMove	window	Spyder (Python 3.7)	widget	983650	date	2020 03 31 - 15:35:18	timeStampS	1585661718.363	injected	0	xPix	318	yPix	195	wheel	0	
mouseMove	window	Spyder (Python 3.7)	widget	983650	date	2020 03 31 - 15:35:18	timeStampS	1585661718.379	injected	0	xPix	323	yPix	196	wheel	0	
mouseMove	window	Spyder (Python 3.7)	widget	983650	date	2020 03 31 - 15:35:18	timeStampS	1585661718.394	injected	0	xPix	342	yPix	212	wheel	0	
mouseMove	window	Spyder (Python 3.7)	widget	983650	date	2020 03 31 - 15:35:18	timeStampS	1585661718.410	injected	0	xPix	372	yPix	241	wheel	0	
mouseMove	window	Spyder (Python 3.7)	widget	983650	date	2020 03 31 - 15:35:18	timeStampS	1585661718.426	injected	0	xPix	398	yPix	280	wheel	0	
mouseMove	window	Spyder (Python 3.7)	widget	983650	date	2020 03 31 - 15:35:18	timeStampS	1585661718.441	injected	0	xPix	412	yPix	318	wheel	0	
mouseMove	window	Spyder (Python 3.7)	widget	983650	date	2020 03 31 - 15:35:18	timeStampS	1585661718.457	injected	0	xPix	415	yPix	373	wheel	0	
mouseMove	window	Spyder (Python 3.7)	widget	983650	date	2020 03 31 - 15:35:18	timeStampS	1585661718.472	injected	0	xPix	398	yPix	444	wheel	0	
mouseMove	window	Spyder (Python 3.7)	widget	983650	date	2020 03 31 - 15:35:18	timeStampS	1585661718.488	injected	0	xPix	365	yPix	537	wheel	0	
mouseMove	window	Spyder (Python 3.7)	widget	983650	date	2020 03 31 - 15:35:18	timeStampS	1585661718.504	injected	0	xPix	330	yPix	626	wheel	0	
mouseMove	window	Spyder (Python 3.7)	widget	983650	date	2020 03 31 - 15:35:18	timeStampS	1585661718.519	injected	0	xPix	302	yPix	706	wheel	0	
mouseMove	window	Spyder (Python 3.7)	widget	983650	date	2020 03 31 - 15:35:18	timeStampS	1585661718.535	injected	0	xPix	280	yPix	789	wheel	0	
mouseMove	window	Spyder (Python 3.7)	widget	983650	date	2020 03 31 - 15:35:18	timeStampS	1585661718.551	injected	0	xPix	265	yPix	853	wheel	0	
mouseMove	window	Spyder (Python 3.7)	widget	983650	date	2020 03 31 - 15:35:18	timeStampS	1585661718.566	injected	0	xPix	253	yPix	905	wheel	0	
mouseMove	window	Spyder (Python 3.7)	widget	983650	date	2020 03 31 - 15:35:18	timeStampS	1585661718.582	injected	0	xPix	246	yPix	941	wheel	0	
mouseMove	window	Spyder (Python 3.7)	widget	983650	date	2020 03 31 - 15:35:18	timeStampS	1585661718.597	injected	0	xPix	245	yPix	958	wheel	0	
mouseMove	window	Spyder (Python 3.7)	widget	983650	date	2020 03 31 - 15:35:18	timeStampS	1585661718.613	injected	0	xPix	246	yPix	970	wheel	0	
mouseMove	window	Spyder (Python 3.7)	widget	983650	date	2020 03 31 - 15:35:18	timeStampS	1585661718.629	injected	0	xPix	254	yPix	980	wheel	0	
mouseMove	window	Spyder (Python 3.7)	widget	983650	date	2020 03 31 - 15:35:18	timeStampS	1585661718.644	injected	0	xPix	267	yPix	990	wheel	0	
mouseMove	window	Spyder (Python 3.7)	widget	983650	date	2020 03 31 - 15:35:18	timeStampS	1585661718.660	injected	0	xPix	290	yPix	1001	wheel	0	
mouseMove	window	Spyder (Python 3.7)	widget	983650	date	2020 03 31 - 15:35:18	timeStampS	1585661718.676	injected	0	xPix	311	yPix	1007	wheel	0	
mouseMove	window	Spyder (Python 3.7)	widget	983650	date	2020 03 31 - 15:35:18	timeStampS	1585661718.691	injected	0	xPix	328	yPix	1012	wheel	0	
mouseMove	window	Spyder (Python 3.7)	widget	983650	date	2020 03 31 - 15:35:18	timeStampS	1585661718.707	injected	0	xPix	341	yPix	1018	wheel	0	
mouseMove	window	Spyder (Python 3.7)	widget	983650	date	2020 03 31 - 15:35:18	timeStampS	1585661718.722	injected	0	xPix	350	yPix	1025	wheel	0	
mouseMove	window	Spyder (Python 3.7)	widget	983650	date	2020 03 31 - 15:35:18	timeStampS	1585661718.738	injected	0	xPix	357	yPix	1034	wheel	0	
mouseMove	window	Applications en cours d’exécution	widget	65790	date	2020 03 31 - 15:35:18	timeStampS	1585661718.754	injected	0	xPix	365	yPix	1049	wheel	0	
mouseMove	window	Applications en cours d’exécution	widget	65790	date	2020 03 31 - 15:35:18	timeStampS	1585661718.769	injected	0	xPix	372	yPix	1066	wheel	0	
mouseMove	window	Applications en cours d’exécution	widget	65790	date	2020 03 31 - 15:35:18	timeStampS	1585661718.785	injected	0	xPix	377	yPix	1079	wheel	0	
mouseMove	window	Applications en cours d’exécution	widget	0	date	2020 03 31 - 15:35:18	timeStampS	1585661718.801	injected	0	xPix	382	yPix	1080	wheel	0	
mouseMove	window	Applications en cours d’exécution	widget	0	date	2020 03 31 - 15:35:18	timeStampS	1585661718.816	injected	0	xPix	391	yPix	1080	wheel	0	
mouseMove	window	Applications en cours d’exécution	widget	65790	date	2020 03 31 - 15:35:18	timeStampS	1585661718.832	injected	0	xPix	407	yPix	1079	wheel	0	
mouseMove	window	Applications en cours d’exécution	widget	65790	date	2020 03 31 - 15:35:18	timeStampS	1585661718.847	injected	0	xPix	422	yPix	1079	wheel	0	
mouseMove	window	Applications en cours d’exécution	widget	65790	date	2020 03 31 - 15:35:18	timeStampS	1585661718.863	injected	0	xPix	433	yPix	1079	wheel	0	
mouseMove	window	Applications en cours d’exécution	widget	65790	date	2020 03 31 - 15:35:18	timeStampS	1585661718.879	injected	0	xPix	441	yPix	1079	wheel	0	
mouseMove	window	Applications en cours d’exécution	widget	0	date	2020 03 31 - 15:35:18	timeStampS	1585661718.894	injected	0	xPix	447	yPix	1080	wheel	0	
mouseMove	window	Applications en cours d’exécution	widget	0	date	2020 03 31 - 15:35:18	timeStampS	1585661718.910	injected	0	xPix	452	yPix	1080	wheel	0	
mouseMove	window	Applications en cours d’exécution	widget	65790	date	2020 03 31 - 15:35:18	timeStampS	1585661718.926	injected	0	xPix	459	yPix	1079	wheel	0	
mouseMove	window	Applications en cours d’exécution	widget	65790	date	2020 03 31 - 15:35:18	timeStampS	1585661718.941	injected	0	xPix	465	yPix	1079	wheel	0	
mouseMove	window	Applications en cours d’exécution	widget	65790	date	2020 03 31 - 15:35:18	timeStampS	1585661718.957	injected	0	xPix	469	yPix	1079	wheel	0	
mouseMove	window	Applications en cours d’exécution	widget	65790	date	2020 03 31 - 15:35:18	timeStampS	1585661718.972	injected	0	xPix	473	yPix	1079	wheel	0	
mouseMove	window	Applications en cours d’exécution	widget	65790	date	2020 03 31 - 15:35:18	timeStampS	1585661718.988	injected	0	xPix	475	yPix	1079	wheel	0	
mouseMove	window	Applications en cours d’exécution	widget	65790	date	2020 03 31 - 15:35:19	timeStampS	1585661719.004	injected	0	xPix	476	yPix	1079	wheel	0	
mouseMove	window	Applications en cours d’exécution	widget	65790	date	2020 03 31 - 15:35:19	timeStampS	1585661719.051	injected	0	xPix	477	yPix	1078	wheel	0	
mouseMove	window	Applications en cours d’exécution	widget	65790	date	2020 03 31 - 15:35:19	timeStampS	1585661719.113	injected	0	xPix	477	yPix	1078	wheel	0	
mouseLeftDown	window	Applications en cours d’exécution	widget	65790	date	2020 03 31 - 15:35:19	timeStampS	1585661719.191	injected	0	xPix	477	yPix	1078	wheel	0	
mouseMove	window	Applications en cours d’exécution	widget	65790	date	2020 03 31 - 15:35:19	timeStampS	1585661719.254	injected	0	xPix	478	yPix	1078	wheel	0	
mouseLeftUp	window	Applications en cours d’exécution	widget	65790	date	2020 03 31 - 15:35:19	timeStampS	1585661719.254	injected	0	xPix	478	yPix	1078	wheel	0	
mouseMove	window	Applications en cours d’exécution	widget	65790	date	2020 03 31 - 15:35:19	timeStampS	1585661719.254	injected	0	xPix	478	yPix	1078	wheel	0	
mouseMove	window	Applications en cours d’exécution	widget	65790	date	2020 03 31 - 15:35:19	timeStampS	1585661719.269	injected	0	xPix	480	yPix	1078	wheel	0	
mouseMove	window	Applications en cours d’exécution	widget	65790	date	2020 03 31 - 15:35:19	timeStampS	1585661719.285	injected	0	xPix	487	yPix	1079	wheel	0	
mouseMove	window	Applications en cours d’exécution	widget	65790	date	2020 03 31 - 15:35:19	timeStampS	1585661719.301	injected	0	xPix	493	yPix	1078	wheel	0	
mouseMove	window	Applications en cours d’exécution	widget	65790	date	2020 03 31 - 15:35:19	timeStampS	1585661719.316	injected	0	xPix	494	yPix	1075	wheel	0	
mouseMove	window	Applications en cours d’exécution	widget	65790	date	2020 03 31 - 15:35:19	timeStampS	1585661719.332	injected	0	xPix	493	yPix	1066	wheel	0	
mouseMove	window	Applications en cours d’exécution	widget	65790	date	2020 03 31 - 15:35:19	timeStampS	1585661719.347	injected	0	xPix	489	yPix	1049	wheel	0	
mouseMove	window	Spyder (Python 3.7)	widget	983650	date	2020 03 31 - 15:35:19	timeStampS	1585661719.363	injected	0	xPix	486	yPix	1027	wheel	0	
mouseMove	window	Spyder (Python 3.7)	widget	983650	date	2020 03 31 - 15:35:19	timeStampS	1585661719.379	injected	0	xPix	481	yPix	993	wheel	0	
mouseMove	window	Spyder (Python 3.7)	widget	983650	date	2020 03 31 - 15:35:19	timeStampS	1585661719.394	injected	0	xPix	479	yPix	949	wheel	0	
mouseMove	window	Spyder (Python 3.7)	widget	983650	date	2020 03 31 - 15:35:19	timeStampS	1585661719.410	injected	0	xPix	491	yPix	898	wheel	0	
mouseMove	window	Spyder (Python 3.7)	widget	983650	date	2020 03 31 - 15:35:19	timeStampS	1585661719.426	injected	0	xPix	512	yPix	851	wheel	0	
mouseMove	window	Spyder (Python 3.7)	widget	983650	date	2020 03 31 - 15:35:19	timeStampS	1585661719.441	injected	0	xPix	539	yPix	804	wheel	0	
mouseMove	window	Spyder (Python 3.7)	widget	983650	date	2020 03 31 - 15:35:19	timeStampS	1585661719.457	injected	0	xPix	555	yPix	760	wheel	0	
mouseMove	window	Spyder (Python 3.7)	widget	983650	date	2020 03 31 - 15:35:19	timeStampS	1585661719.472	injected	0	xPix	559	yPix	715	wheel	0	
mouseMove	window	Spyder (Python 3.7)	widget	983650	date	2020 03 31 - 15:35:19	timeStampS	1585661719.488	injected	0	xPix	553	yPix	673	wheel	0	
mouseMove	window	Spyder (Python 3.7)	widget	983650	date	2020 03 31 - 15:35:19	timeStampS	1585661719.504	injected	0	xPix	534	yPix	625	wheel	0	
mouseMove	window	Spyder (Python 3.7)	widget	983650	date	2020 03 31 - 15:35:19	timeStampS	1585661719.519	injected	0	xPix	510	yPix	582	wheel	0	
mouseMove	window	Spyder (Python 3.7)	widget	983650	date	2020 03 31 - 15:35:19	timeStampS	1585661719.535	injected	0	xPix	475	yPix	533	wheel	0	
mouseMove	window	Spyder (Python 3.7)	widget	983650	date	2020 03 31 - 15:35:19	timeStampS	1585661719.551	injected	0	xPix	441	yPix	487	wheel	0	
mouseMove	window	Spyder (Python 3.7)	widget	983650	date	2020 03 31 - 15:35:19	timeStampS	1585661719.566	injected	0	xPix	409	yPix	443	wheel	0	
mouseMove	window	Spyder (Python 3.7)	widget	983650	date	2020 03 31 - 15:35:19	timeStampS	1585661719.582	injected	0	xPix	382	yPix	405	wheel	0	
mouseMove	window	Spyder (Python 3.7)	widget	983650	date	2020 03 31 - 15:35:19	timeStampS	1585661719.597	injected	0	xPix	357	yPix	369	wheel	0	
mouseMove	window	Spyder (Python 3.7)	widget	983650	date	2020 03 31 - 15:35:19	timeStampS	1585661719.613	injected	0	xPix	333	yPix	334	wheel	0	
mouseMove	window	Spyder (Python 3.7)	widget	983650	date	2020 03 31 - 15:35:19	timeStampS	1585661719.629	injected	0	xPix	314	yPix	303	wheel	0	
mouseMove	window	Spyder (Python 3.7)	widget	983650	date	2020 03 31 - 15:35:19	timeStampS	1585661719.644	injected	0	xPix	297	yPix	280	wheel	0	
mouseMove	window	Spyder (Python 3.7)	widget	983650	date	2020 03 31 - 15:35:19	timeStampS	1585661719.660	injected	0	xPix	283	yPix	261	wheel	0	
mouseMove	window	Spyder (Python 3.7)	widget	983650	date	2020 03 31 - 15:35:19	timeStampS	1585661719.676	injected	0	xPix	276	yPix	248	wheel	0	
mouseMove	window	Spyder (Python 3.7)	widget	983650	date	2020 03 31 - 15:35:19	timeStampS	1585661719.691	injected	0	xPix	272	yPix	237	wheel	0	
mouseMove	window	Spyder (Python 3.7)	widget	983650	date	2020 03 31 - 15:35:19	timeStampS	1585661719.707	injected	0	xPix	270	yPix	231	wheel	0	
mouseMove	window	Spyder (Python 3.7)	widget	983650	date	2020 03 31 - 15:35:19	timeStampS	1585661719.722	injected	0	xPix	270	yPix	228	wheel	0	
mouseMove	window	Spyder (Python 3.7)	widget	983650	date	2020 03 31 - 15:35:19	timeStampS	1585661719.738	injected	0	xPix	271	yPix	228	wheel	0	
mouseMove	window	Spyder (Python 3.7)	widget	983650	date	2020 03 31 - 15:35:19	timeStampS	1585661719.785	injected	0	xPix	271	yPix	227	wheel	0	
mouseMove	window	Spyder (Python 3.7)	widget	983650	date	2020 03 31 - 15:35:19	timeStampS	1585661719.801	injected	0	xPix	271	yPix	222	wheel	0	
mouseMove	window	Spyder (Python 3.7)	widget	983650	date	2020 03 31 - 15:35:19	timeStampS	1585661719.816	injected	0	xPix	268	yPix	212	wheel	0	
mouseMove	window	Spyder (Python 3.7)	widget	983650	date	2020 03 31 - 15:35:19	timeStampS	1585661719.832	injected	0	xPix	265	yPix	200	wheel	0	
mouseMove	window	Spyder (Python 3.7)	widget	983650	date	2020 03 31 - 15:35:19	timeStampS	1585661719.847	injected	0	xPix	263	yPix	190	wheel	0	
mouseMove	window	Spyder (Python 3.7)	widget	983650	date	2020 03 31 - 15:35:19	timeStampS	1585661719.863	injected	0	xPix	261	yPix	180	wheel	0	
mouseMove	window	Spyder (Python 3.7)	widget	983650	date	2020 03 31 - 15:35:19	timeStampS	1585661719.879	injected	0	xPix	260	yPix	172	wheel	0	
mouseMove	window	Système d'analyse de traces - Arreter l'exercice	widget	328544	date	2020 03 31 - 15:35:19	timeStampS	1585661719.894	injected	0	xPix	258	yPix	165	wheel	0	
mouseMove	window	Système d'analyse de traces - Arreter l'exercice	widget	328544	date	2020 03 31 - 15:35:19	timeStampS	1585661719.910	injected	0	xPix	255	yPix	159	wheel	0	
mouseMove	window	Système d'analyse de traces - Arreter l'exercice	widget	2819772	date	2020 03 31 - 15:35:19	timeStampS	1585661719.926	injected	0	xPix	252	yPix	152	wheel	0	
mouseMove	window	Système d'analyse de traces - Arreter l'exercice	widget	2819772	date	2020 03 31 - 15:35:19	timeStampS	1585661719.941	injected	0	xPix	250	yPix	143	wheel	0	
mouseMove	window	Système d'analyse de traces - Arreter l'exercice	widget	2819772	date	2020 03 31 - 15:35:19	timeStampS	1585661719.957	injected	0	xPix	247	yPix	137	wheel	0	
mouseMove	window	Système d'analyse de traces - Arreter l'exercice	widget	2819772	date	2020 03 31 - 15:35:19	timeStampS	1585661719.972	injected	0	xPix	246	yPix	133	wheel	0	
mouseMove	window	Système d'analyse de traces - Arreter l'exercice	widget	2819772	date	2020 03 31 - 15:35:19	timeStampS	1585661719.988	injected	0	xPix	244	yPix	130	wheel	0	
mouseLeftDown	window	Système d'analyse de traces - Arreter l'exercice	widget	2819772	date	2020 03 31 - 15:35:20	timeStampS	1585661720.082	injected	0	xPix	244	yPix	129	wheel	0	
mouseLeftUp	window	Système d'analyse de traces - Arreter l'exercice	widget	2819772	date	2020 03 31 - 15:35:20	timeStampS	1585661720.144	injected	0	xPix	244	yPix	129	wheel	0	
stopLogger	window	Spyder (Python 3.7)	widget	983650	date	2020 03 31 - 15:35:20	timeStampS	1585661720.472	injected	1	session	0	block	0	trial	0	
