mouseMove	window	FolderView	widget	3342984	date	2011 03 02 - 11:20:10	timeStampS	1299061210.093	injected	0	xPix	227	yPix	261	wheel	0	
mouseMove	window	FolderView	widget	3342984	date	2011 03 02 - 11:20:10	timeStampS	1299061210.108	injected	0	xPix	225	yPix	260	wheel	0	
mouseMove	window	FolderView	widget	3342984	date	2011 03 02 - 11:20:10	timeStampS	1299061210.124	injected	0	xPix	220	yPix	258	wheel	0	
mouseMove	window	FolderView	widget	3342984	date	2011 03 02 - 11:20:10	timeStampS	1299061210.140	injected	0	xPix	213	yPix	256	wheel	0	
mouseMove	window	FolderView	widget	3342984	date	2011 03 02 - 11:20:10	timeStampS	1299061210.155	injected	0	xPix	211	yPix	257	wheel	0	
mouseMove	window	FolderView	widget	3342984	date	2011 03 02 - 11:20:10	timeStampS	1299061210.171	injected	0	xPix	210	yPix	263	wheel	0	
mouseMove	window	FolderView	widget	3342984	date	2011 03 02 - 11:20:10	timeStampS	1299061210.187	injected	0	xPix	210	yPix	273	wheel	0	
mouseMove	window	FolderView	widget	3342984	date	2011 03 02 - 11:20:10	timeStampS	1299061210.202	injected	0	xPix	212	yPix	288	wheel	0	
mouseMove	window	FolderView	widget	3342984	date	2011 03 02 - 11:20:10	timeStampS	1299061210.218	injected	0	xPix	215	yPix	307	wheel	0	
mouseMove	window	FolderView	widget	3342984	date	2011 03 02 - 11:20:10	timeStampS	1299061210.233	injected	0	xPix	225	yPix	332	wheel	0	
mouseMove	window	FolderView	widget	3342984	date	2011 03 02 - 11:20:10	timeStampS	1299061210.249	injected	0	xPix	242	yPix	357	wheel	0	
mouseMove	window	FolderView	widget	3342984	date	2011 03 02 - 11:20:10	timeStampS	1299061210.265	injected	0	xPix	262	yPix	378	wheel	0	
mouseMove	window	FolderView	widget	3342984	date	2011 03 02 - 11:20:10	timeStampS	1299061210.280	injected	0	xPix	281	yPix	392	wheel	0	
mouseMove	window	FolderView	widget	3342984	date	2011 03 02 - 11:20:10	timeStampS	1299061210.296	injected	0	xPix	295	yPix	398	wheel	0	
mouseMove	window	FolderView	widget	3342984	date	2011 03 02 - 11:20:10	timeStampS	1299061210.312	injected	0	xPix	307	yPix	398	wheel	0	
mouseMove	window	FolderView	widget	3342984	date	2011 03 02 - 11:20:10	timeStampS	1299061210.327	injected	0	xPix	324	yPix	393	wheel	0	
mouseMove	window	FolderView	widget	3342984	date	2011 03 02 - 11:20:10	timeStampS	1299061210.343	injected	0	xPix	332	yPix	386	wheel	0	
mouseMove	window	FolderView	widget	3342984	date	2011 03 02 - 11:20:10	timeStampS	1299061210.358	injected	0	xPix	336	yPix	381	wheel	0	
mouseMove	window	FolderView	widget	3342984	date	2011 03 02 - 11:20:10	timeStampS	1299061210.374	injected	0	xPix	340	yPix	369	wheel	0	
mouseMove	window	FolderView	widget	3342984	date	2011 03 02 - 11:20:10	timeStampS	1299061210.390	injected	0	xPix	340	yPix	359	wheel	0	
mouseMove	window	FolderView	widget	3342984	date	2011 03 02 - 11:20:10	timeStampS	1299061210.405	injected	0	xPix	337	yPix	345	wheel	0	
mouseMove	window	FolderView	widget	3342984	date	2011 03 02 - 11:20:10	timeStampS	1299061210.421	injected	0	xPix	330	yPix	334	wheel	0	
mouseMove	window	FolderView	widget	3342984	date	2011 03 02 - 11:20:10	timeStampS	1299061210.437	injected	0	xPix	316	yPix	325	wheel	0	
mouseMove	window	FolderView	widget	3342984	date	2011 03 02 - 11:20:10	timeStampS	1299061210.452	injected	0	xPix	301	yPix	322	wheel	0	
mouseMove	window	FolderView	widget	3342984	date	2011 03 02 - 11:20:10	timeStampS	1299061210.468	injected	0	xPix	284	yPix	321	wheel	0	
mouseMove	window	FolderView	widget	3342984	date	2011 03 02 - 11:20:10	timeStampS	1299061210.483	injected	0	xPix	273	yPix	321	wheel	0	
mouseMove	window	FolderView	widget	3342984	date	2011 03 02 - 11:20:10	timeStampS	1299061210.499	injected	0	xPix	266	yPix	323	wheel	0	
mouseMove	window	FolderView	widget	3342984	date	2011 03 02 - 11:20:10	timeStampS	1299061210.515	injected	0	xPix	263	yPix	327	wheel	0	
mouseMove	window	FolderView	widget	3342984	date	2011 03 02 - 11:20:10	timeStampS	1299061210.530	injected	0	xPix	262	yPix	336	wheel	0	
mouseMove	window	FolderView	widget	3342984	date	2011 03 02 - 11:20:10	timeStampS	1299061210.546	injected	0	xPix	263	yPix	347	wheel	0	
mouseMove	window	FolderView	widget	3342984	date	2011 03 02 - 11:20:10	timeStampS	1299061210.562	injected	0	xPix	269	yPix	359	wheel	0	
mouseMove	window	FolderView	widget	3342984	date	2011 03 02 - 11:20:10	timeStampS	1299061210.577	injected	0	xPix	277	yPix	371	wheel	0	
mouseMove	window	FolderView	widget	3342984	date	2011 03 02 - 11:20:10	timeStampS	1299061210.593	injected	0	xPix	285	yPix	378	wheel	0	
mouseMove	window	FolderView	widget	3342984	date	2011 03 02 - 11:20:10	timeStampS	1299061210.608	injected	0	xPix	290	yPix	383	wheel	0	
mouseMove	window	FolderView	widget	3342984	date	2011 03 02 - 11:20:10	timeStampS	1299061210.624	injected	0	xPix	293	yPix	385	wheel	0	
mouseMove	window	FolderView	widget	3342984	date	2011 03 02 - 11:20:10	timeStampS	1299061210.655	injected	0	xPix	294	yPix	384	wheel	0	
mouseMove	window	FolderView	widget	3342984	date	2011 03 02 - 11:20:10	timeStampS	1299061210.671	injected	0	xPix	294	yPix	382	wheel	0	
mouseMove	window	FolderView	widget	3342984	date	2011 03 02 - 11:20:10	timeStampS	1299061210.687	injected	0	xPix	294	yPix	374	wheel	0	
mouseMove	window	FolderView	widget	3342984	date	2011 03 02 - 11:20:10	timeStampS	1299061210.702	injected	0	xPix	294	yPix	369	wheel	0	
mouseMove	window	FolderView	widget	3342984	date	2011 03 02 - 11:20:10	timeStampS	1299061210.718	injected	0	xPix	291	yPix	356	wheel	0	
mouseMove	window	FolderView	widget	3342984	date	2011 03 02 - 11:20:10	timeStampS	1299061210.733	injected	0	xPix	286	yPix	343	wheel	0	
mouseMove	window	FolderView	widget	3342984	date	2011 03 02 - 11:20:10	timeStampS	1299061210.749	injected	0	xPix	281	yPix	330	wheel	0	
mouseMove	window	FolderView	widget	3342984	date	2011 03 02 - 11:20:10	timeStampS	1299061210.765	injected	0	xPix	276	yPix	322	wheel	0	
mouseMove	window	FolderView	widget	3342984	date	2011 03 02 - 11:20:10	timeStampS	1299061210.780	injected	0	xPix	271	yPix	318	wheel	0	
mouseMove	window	FolderView	widget	3342984	date	2011 03 02 - 11:20:10	timeStampS	1299061210.796	injected	0	xPix	262	yPix	318	wheel	0	
mouseMove	window	FolderView	widget	3342984	date	2011 03 02 - 11:20:10	timeStampS	1299061210.812	injected	0	xPix	252	yPix	324	wheel	0	
mouseMove	window	FolderView	widget	3342984	date	2011 03 02 - 11:20:10	timeStampS	1299061210.827	injected	0	xPix	242	yPix	337	wheel	0	
mouseMove	window	FolderView	widget	3342984	date	2011 03 02 - 11:20:10	timeStampS	1299061210.843	injected	0	xPix	236	yPix	351	wheel	0	
mouseMove	window	FolderView	widget	3342984	date	2011 03 02 - 11:20:10	timeStampS	1299061210.858	injected	0	xPix	234	yPix	372	wheel	0	
mouseMove	window	FolderView	widget	3342984	date	2011 03 02 - 11:20:10	timeStampS	1299061210.874	injected	0	xPix	235	yPix	396	wheel	0	
mouseMove	window	FolderView	widget	3342984	date	2011 03 02 - 11:20:10	timeStampS	1299061210.890	injected	0	xPix	246	yPix	418	wheel	0	
mouseMove	window	FolderView	widget	3342984	date	2011 03 02 - 11:20:10	timeStampS	1299061210.905	injected	0	xPix	267	yPix	433	wheel	0	
mouseMove	window	FolderView	widget	3342984	date	2011 03 02 - 11:20:10	timeStampS	1299061210.921	injected	0	xPix	294	yPix	435	wheel	0	
mouseMove	window	FolderView	widget	3342984	date	2011 03 02 - 11:20:10	timeStampS	1299061210.937	injected	0	xPix	323	yPix	427	wheel	0	
mouseMove	window	FolderView	widget	3342984	date	2011 03 02 - 11:20:10	timeStampS	1299061210.952	injected	0	xPix	347	yPix	413	wheel	0	
mouseMove	window	FolderView	widget	3342984	date	2011 03 02 - 11:20:10	timeStampS	1299061210.968	injected	0	xPix	365	yPix	392	wheel	0	
mouseMove	window	FolderView	widget	3342984	date	2011 03 02 - 11:20:10	timeStampS	1299061210.983	injected	0	xPix	379	yPix	371	wheel	0	
mouseMove	window	FolderView	widget	3342984	date	2011 03 02 - 11:20:11	timeStampS	1299061210.999	injected	0	xPix	388	yPix	353	wheel	0	
mouseMove	window	FolderView	widget	3342984	date	2011 03 02 - 11:20:11	timeStampS	1299061211.015	injected	0	xPix	390	yPix	335	wheel	0	
mouseMove	window	FolderView	widget	3342984	date	2011 03 02 - 11:20:11	timeStampS	1299061211.030	injected	0	xPix	387	yPix	327	wheel	0	
mouseMove	window	FolderView	widget	3342984	date	2011 03 02 - 11:20:11	timeStampS	1299061211.046	injected	0	xPix	378	yPix	314	wheel	0	
mouseMove	window	FolderView	widget	3342984	date	2011 03 02 - 11:20:11	timeStampS	1299061211.062	injected	0	xPix	360	yPix	305	wheel	0	
mouseMove	window	FolderView	widget	3342984	date	2011 03 02 - 11:20:11	timeStampS	1299061211.077	injected	0	xPix	337	yPix	303	wheel	0	
mouseMove	window	FolderView	widget	3342984	date	2011 03 02 - 11:20:11	timeStampS	1299061211.093	injected	0	xPix	311	yPix	304	wheel	0	
mouseMove	window	FolderView	widget	3342984	date	2011 03 02 - 11:20:11	timeStampS	1299061211.108	injected	0	xPix	291	yPix	309	wheel	0	
mouseMove	window	FolderView	widget	3342984	date	2011 03 02 - 11:20:11	timeStampS	1299061211.124	injected	0	xPix	282	yPix	315	wheel	0	
mouseMove	window	FolderView	widget	3342984	date	2011 03 02 - 11:20:11	timeStampS	1299061211.140	injected	0	xPix	279	yPix	317	wheel	0	
mouseMove	window	FolderView	widget	3342984	date	2011 03 02 - 11:20:11	timeStampS	1299061211.155	injected	0	xPix	277	yPix	319	wheel	0	
mouseMove	window	FolderView	widget	3342984	date	2011 03 02 - 11:20:11	timeStampS	1299061211.171	injected	0	xPix	277	yPix	319	wheel	0	
mouseMove	window	FolderView	widget	3342984	date	2011 03 02 - 11:20:11	timeStampS	1299061211.187	injected	0	xPix	276	yPix	317	wheel	0	
mouseMove	window	FolderView	widget	3342984	date	2011 03 02 - 11:20:11	timeStampS	1299061211.202	injected	0	xPix	274	yPix	310	wheel	0	
mouseMove	window	FolderView	widget	3342984	date	2011 03 02 - 11:20:11	timeStampS	1299061211.218	injected	0	xPix	271	yPix	303	wheel	0	
mouseMove	window	FolderView	widget	3342984	date	2011 03 02 - 11:20:11	timeStampS	1299061211.233	injected	0	xPix	269	yPix	293	wheel	0	
mouseMove	window	FolderView	widget	3342984	date	2011 03 02 - 11:20:11	timeStampS	1299061211.249	injected	0	xPix	264	yPix	280	wheel	0	
mouseMove	window	FolderView	widget	3342984	date	2011 03 02 - 11:20:11	timeStampS	1299061211.265	injected	0	xPix	256	yPix	268	wheel	0	
mouseMove	window	FolderView	widget	3342984	date	2011 03 02 - 11:20:11	timeStampS	1299061211.280	injected	0	xPix	248	yPix	257	wheel	0	
mouseMove	window	FolderView	widget	3342984	date	2011 03 02 - 11:20:11	timeStampS	1299061211.296	injected	0	xPix	239	yPix	245	wheel	0	
mouseMove	window	FolderView	widget	3342984	date	2011 03 02 - 11:20:11	timeStampS	1299061211.312	injected	0	xPix	232	yPix	234	wheel	0	
mouseMove	window	FolderView	widget	3342984	date	2011 03 02 - 11:20:11	timeStampS	1299061211.327	injected	0	xPix	226	yPix	225	wheel	0	
mouseMove	window	FolderView	widget	3342984	date	2011 03 02 - 11:20:11	timeStampS	1299061211.343	injected	0	xPix	222	yPix	218	wheel	0	
mouseMove	window	FolderView	widget	3342984	date	2011 03 02 - 11:20:11	timeStampS	1299061211.358	injected	0	xPix	221	yPix	215	wheel	0	
mouseMove	window	FolderView	widget	3342984	date	2011 03 02 - 11:20:11	timeStampS	1299061211.374	injected	0	xPix	218	yPix	208	wheel	0	
mouseMove	window	FolderView	widget	3342984	date	2011 03 02 - 11:20:11	timeStampS	1299061211.390	injected	0	xPix	216	yPix	202	wheel	0	
mouseMove	window	FolderView	widget	3342984	date	2011 03 02 - 11:20:11	timeStampS	1299061211.405	injected	0	xPix	214	yPix	195	wheel	0	
mouseMove	window	FolderView	widget	3342984	date	2011 03 02 - 11:20:11	timeStampS	1299061211.421	injected	0	xPix	213	yPix	188	wheel	0	
mouseMove	window	FolderView	widget	3342984	date	2011 03 02 - 11:20:11	timeStampS	1299061211.437	injected	0	xPix	212	yPix	184	wheel	0	
mouseMove	window	FolderView	widget	3342984	date	2011 03 02 - 11:20:11	timeStampS	1299061211.452	injected	0	xPix	211	yPix	181	wheel	0	
mouseMove	window	FolderView	widget	3342984	date	2011 03 02 - 11:20:11	timeStampS	1299061211.468	injected	0	xPix	210	yPix	178	wheel	0	
mouseMove	window	FolderView	widget	3342984	date	2011 03 02 - 11:20:11	timeStampS	1299061211.483	injected	0	xPix	210	yPix	175	wheel	0	
mouseMove	window	FolderView	widget	3342984	date	2011 03 02 - 11:20:11	timeStampS	1299061211.499	injected	0	xPix	210	yPix	172	wheel	0	
mouseMove	window	FolderView	widget	3342984	date	2011 03 02 - 11:20:11	timeStampS	1299061211.515	injected	0	xPix	210	yPix	170	wheel	0	
mouseMove	window	FolderView	widget	3342984	date	2011 03 02 - 11:20:11	timeStampS	1299061211.530	injected	0	xPix	210	yPix	170	wheel	0	
mouseMove	window	FolderView	widget	3342984	date	2011 03 02 - 11:20:11	timeStampS	1299061211.593	injected	0	xPix	209	yPix	170	wheel	0	
mouseMove	window	FolderView	widget	3342984	date	2011 03 02 - 11:20:11	timeStampS	1299061211.655	injected	0	xPix	209	yPix	170	wheel	0	
mouseMove	window	FolderView	widget	3342984	date	2011 03 02 - 11:20:11	timeStampS	1299061211.671	injected	0	xPix	210	yPix	170	wheel	0	
mouseMove	window	FolderView	widget	3342984	date	2011 03 02 - 11:20:11	timeStampS	1299061211.687	injected	0	xPix	210	yPix	171	wheel	0	
mouseMove	window	FolderView	widget	3342984	date	2011 03 02 - 11:20:11	timeStampS	1299061211.702	injected	0	xPix	210	yPix	172	wheel	0	
mouseMove	window	FolderView	widget	3342984	date	2011 03 02 - 11:20:11	timeStampS	1299061211.718	injected	0	xPix	208	yPix	172	wheel	0	
mouseMove	window	FolderView	widget	3342984	date	2011 03 02 - 11:20:11	timeStampS	1299061211.733	injected	0	xPix	206	yPix	172	wheel	0	
mouseMove	window	FolderView	widget	3342984	date	2011 03 02 - 11:20:11	timeStampS	1299061211.765	injected	0	xPix	206	yPix	171	wheel	0	
mouseMove	window	FolderView	widget	3342984	date	2011 03 02 - 11:20:11	timeStampS	1299061211.780	injected	0	xPix	206	yPix	170	wheel	0	
mouseMove	window	FolderView	widget	3342984	date	2011 03 02 - 11:20:11	timeStampS	1299061211.796	injected	0	xPix	206	yPix	169	wheel	0	
mouseMove	window	FolderView	widget	3342984	date	2011 03 02 - 11:20:11	timeStampS	1299061211.812	injected	0	xPix	206	yPix	169	wheel	0	
mouseMove	window	FolderView	widget	3342984	date	2011 03 02 - 11:20:11	timeStampS	1299061211.827	injected	0	xPix	206	yPix	168	wheel	0	
mouseMove	window	FolderView	widget	3342984	date	2011 03 02 - 11:20:11	timeStampS	1299061211.843	injected	0	xPix	206	yPix	167	wheel	0	
mouseMove	window	FolderView	widget	3342984	date	2011 03 02 - 11:20:11	timeStampS	1299061211.858	injected	0	xPix	206	yPix	166	wheel	0	
mouseMove	window	FolderView	widget	3342984	date	2011 03 02 - 11:20:11	timeStampS	1299061211.874	injected	0	xPix	206	yPix	164	wheel	0	
mouseMove	window	FolderView	widget	3342984	date	2011 03 02 - 11:20:11	timeStampS	1299061211.890	injected	0	xPix	207	yPix	162	wheel	0	
mouseMove	window	FolderView	widget	3342984	date	2011 03 02 - 11:20:11	timeStampS	1299061211.905	injected	0	xPix	207	yPix	160	wheel	0	
mouseMove	window	FolderView	widget	3342984	date	2011 03 02 - 11:20:11	timeStampS	1299061211.921	injected	0	xPix	207	yPix	159	wheel	0	
mouseMove	window	FolderView	widget	3342984	date	2011 03 02 - 11:20:11	timeStampS	1299061211.937	injected	0	xPix	208	yPix	157	wheel	0	
mouseMove	window	FolderView	widget	3342984	date	2011 03 02 - 11:20:11	timeStampS	1299061211.952	injected	0	xPix	208	yPix	155	wheel	0	
mouseMove	window	FolderView	widget	3342984	date	2011 03 02 - 11:20:11	timeStampS	1299061211.968	injected	0	xPix	209	yPix	154	wheel	0	
mouseMove	window	FolderView	widget	3342984	date	2011 03 02 - 11:20:11	timeStampS	1299061211.983	injected	0	xPix	209	yPix	153	wheel	0	
mouseMove	window	FolderView	widget	3342984	date	2011 03 02 - 11:20:12	timeStampS	1299061212.108	injected	0	xPix	210	yPix	153	wheel	0	
mouseMove	window	FolderView	widget	3342984	date	2011 03 02 - 11:20:12	timeStampS	1299061212.124	injected	0	xPix	211	yPix	154	wheel	0	
mouseMove	window	FolderView	widget	3342984	date	2011 03 02 - 11:20:12	timeStampS	1299061212.140	injected	0	xPix	213	yPix	158	wheel	0	
mouseMove	window	FolderView	widget	3342984	date	2011 03 02 - 11:20:12	timeStampS	1299061212.155	injected	0	xPix	215	yPix	161	wheel	0	
mouseMove	window	FolderView	widget	3342984	date	2011 03 02 - 11:20:12	timeStampS	1299061212.171	injected	0	xPix	217	yPix	168	wheel	0	
mouseMove	window	FolderView	widget	3342984	date	2011 03 02 - 11:20:12	timeStampS	1299061212.187	injected	0	xPix	220	yPix	176	wheel	0	
mouseMove	window	FolderView	widget	3342984	date	2011 03 02 - 11:20:12	timeStampS	1299061212.202	injected	0	xPix	226	yPix	186	wheel	0	
mouseMove	window	FolderView	widget	3342984	date	2011 03 02 - 11:20:12	timeStampS	1299061212.218	injected	0	xPix	232	yPix	203	wheel	0	
mouseMove	window	FolderView	widget	3342984	date	2011 03 02 - 11:20:12	timeStampS	1299061212.233	injected	0	xPix	238	yPix	220	wheel	0	
mouseMove	window	FolderView	widget	3342984	date	2011 03 02 - 11:20:12	timeStampS	1299061212.249	injected	0	xPix	244	yPix	236	wheel	0	
mouseMove	window	FolderView	widget	3342984	date	2011 03 02 - 11:20:12	timeStampS	1299061212.265	injected	0	xPix	250	yPix	256	wheel	0	
mouseMove	window	FolderView	widget	3342984	date	2011 03 02 - 11:20:12	timeStampS	1299061212.280	injected	0	xPix	259	yPix	278	wheel	0	
mouseMove	window	FolderView	widget	3342984	date	2011 03 02 - 11:20:12	timeStampS	1299061212.296	injected	0	xPix	267	yPix	295	wheel	0	
mouseMove	window	FolderView	widget	3342984	date	2011 03 02 - 11:20:12	timeStampS	1299061212.312	injected	0	xPix	273	yPix	308	wheel	0	
mouseMove	window	FolderView	widget	3342984	date	2011 03 02 - 11:20:12	timeStampS	1299061212.327	injected	0	xPix	276	yPix	314	wheel	0	
mouseMove	window	FolderView	widget	3342984	date	2011 03 02 - 11:20:12	timeStampS	1299061212.343	injected	0	xPix	277	yPix	316	wheel	0	
mouseMove	window	FolderView	widget	3342984	date	2011 03 02 - 11:20:12	timeStampS	1299061212.358	injected	0	xPix	277	yPix	317	wheel	0	
mouseMove	window	FolderView	widget	3342984	date	2011 03 02 - 11:20:12	timeStampS	1299061212.530	injected	0	xPix	276	yPix	317	wheel	0	
mouseMove	window	FolderView	widget	3342984	date	2011 03 02 - 11:20:12	timeStampS	1299061212.546	injected	0	xPix	274	yPix	317	wheel	0	
mouseMove	window	FolderView	widget	3342984	date	2011 03 02 - 11:20:12	timeStampS	1299061212.562	injected	0	xPix	264	yPix	315	wheel	0	
mouseMove	window	FolderView	widget	3342984	date	2011 03 02 - 11:20:12	timeStampS	1299061212.577	injected	0	xPix	256	yPix	314	wheel	0	
mouseMove	window	FolderView	widget	3342984	date	2011 03 02 - 11:20:12	timeStampS	1299061212.593	injected	0	xPix	252	yPix	316	wheel	0	
mouseMove	window	FolderView	widget	3342984	date	2011 03 02 - 11:20:12	timeStampS	1299061212.608	injected	0	xPix	250	yPix	318	wheel	0	
mouseMove	window	FolderView	widget	3342984	date	2011 03 02 - 11:20:12	timeStampS	1299061212.624	injected	0	xPix	247	yPix	320	wheel	0	
mouseMove	window	FolderView	widget	3342984	date	2011 03 02 - 11:20:12	timeStampS	1299061212.640	injected	0	xPix	243	yPix	323	wheel	0	
mouseMove	window	FolderView	widget	3342984	date	2011 03 02 - 11:20:12	timeStampS	1299061212.655	injected	0	xPix	240	yPix	325	wheel	0	
mouseMove	window	FolderView	widget	3342984	date	2011 03 02 - 11:20:12	timeStampS	1299061212.671	injected	0	xPix	239	yPix	327	wheel	0	
mouseMove	window	FolderView	widget	3342984	date	2011 03 02 - 11:20:12	timeStampS	1299061212.687	injected	0	xPix	238	yPix	328	wheel	0	
mouseMove	window	FolderView	widget	3342984	date	2011 03 02 - 11:20:12	timeStampS	1299061212.702	injected	0	xPix	237	yPix	329	wheel	0	
mouseMove	window	FolderView	widget	3342984	date	2011 03 02 - 11:20:12	timeStampS	1299061212.718	injected	0	xPix	236	yPix	331	wheel	0	
mouseMove	window	FolderView	widget	3342984	date	2011 03 02 - 11:20:12	timeStampS	1299061212.733	injected	0	xPix	235	yPix	333	wheel	0	
mouseMove	window	FolderView	widget	3342984	date	2011 03 02 - 11:20:12	timeStampS	1299061212.749	injected	0	xPix	233	yPix	334	wheel	0	
mouseMove	window	FolderView	widget	3342984	date	2011 03 02 - 11:20:12	timeStampS	1299061212.765	injected	0	xPix	231	yPix	334	wheel	0	
mouseMove	window	FolderView	widget	3342984	date	2011 03 02 - 11:20:12	timeStampS	1299061212.780	injected	0	xPix	229	yPix	335	wheel	0	
mouseMove	window	FolderView	widget	3342984	date	2011 03 02 - 11:20:12	timeStampS	1299061212.796	injected	0	xPix	228	yPix	335	wheel	0	
mouseMove	window	FolderView	widget	3342984	date	2011 03 02 - 11:20:12	timeStampS	1299061212.812	injected	0	xPix	227	yPix	335	wheel	0	
mouseMove	window	FolderView	widget	3342984	date	2011 03 02 - 11:20:12	timeStampS	1299061212.827	injected	0	xPix	225	yPix	335	wheel	0	
mouseMove	window	FolderView	widget	3342984	date	2011 03 02 - 11:20:12	timeStampS	1299061212.843	injected	0	xPix	225	yPix	335	wheel	0	
mouseMove	window	FolderView	widget	3342984	date	2011 03 02 - 11:20:12	timeStampS	1299061212.858	injected	0	xPix	223	yPix	335	wheel	0	
mouseMove	window	FolderView	widget	3342984	date	2011 03 02 - 11:20:12	timeStampS	1299061212.874	injected	0	xPix	222	yPix	335	wheel	0	
mouseMove	window	FolderView	widget	3342984	date	2011 03 02 - 11:20:13	timeStampS	1299061212.999	injected	0	xPix	222	yPix	333	wheel	0	
mouseMove	window	FolderView	widget	3342984	date	2011 03 02 - 11:20:13	timeStampS	1299061213.015	injected	0	xPix	221	yPix	327	wheel	0	
mouseMove	window	FolderView	widget	3342984	date	2011 03 02 - 11:20:13	timeStampS	1299061213.030	injected	0	xPix	221	yPix	323	wheel	0	
mouseMove	window	FolderView	widget	3342984	date	2011 03 02 - 11:20:13	timeStampS	1299061213.046	injected	0	xPix	221	yPix	312	wheel	0	
mouseMove	window	FolderView	widget	3342984	date	2011 03 02 - 11:20:13	timeStampS	1299061213.062	injected	0	xPix	223	yPix	298	wheel	0	
mouseMove	window	FolderView	widget	3342984	date	2011 03 02 - 11:20:13	timeStampS	1299061213.077	injected	0	xPix	226	yPix	283	wheel	0	
mouseMove	window	FolderView	widget	3342984	date	2011 03 02 - 11:20:13	timeStampS	1299061213.093	injected	0	xPix	228	yPix	267	wheel	0	
mouseMove	window	FolderView	widget	3342984	date	2011 03 02 - 11:20:13	timeStampS	1299061213.108	injected	0	xPix	229	yPix	251	wheel	0	
mouseMove	window	FolderView	widget	3342984	date	2011 03 02 - 11:20:13	timeStampS	1299061213.124	injected	0	xPix	229	yPix	236	wheel	0	
mouseMove	window	FolderView	widget	3342984	date	2011 03 02 - 11:20:13	timeStampS	1299061213.140	injected	0	xPix	229	yPix	220	wheel	0	
mouseMove	window	FolderView	widget	3342984	date	2011 03 02 - 11:20:13	timeStampS	1299061213.155	injected	0	xPix	229	yPix	206	wheel	0	
mouseMove	window	FolderView	widget	3342984	date	2011 03 02 - 11:20:13	timeStampS	1299061213.171	injected	0	xPix	229	yPix	194	wheel	0	
mouseMove	window	FolderView	widget	3342984	date	2011 03 02 - 11:20:13	timeStampS	1299061213.187	injected	0	xPix	228	yPix	186	wheel	0	
mouseMove	window	FolderView	widget	3342984	date	2011 03 02 - 11:20:13	timeStampS	1299061213.202	injected	0	xPix	227	yPix	177	wheel	0	
mouseMove	window	FolderView	widget	3342984	date	2011 03 02 - 11:20:13	timeStampS	1299061213.218	injected	0	xPix	227	yPix	173	wheel	0	
mouseMove	window	FolderView	widget	3342984	date	2011 03 02 - 11:20:13	timeStampS	1299061213.233	injected	0	xPix	227	yPix	170	wheel	0	
mouseMove	window	FolderView	widget	3342984	date	2011 03 02 - 11:20:13	timeStampS	1299061213.249	injected	0	xPix	227	yPix	169	wheel	0	
mouseMove	window	FolderView	widget	3342984	date	2011 03 02 - 11:20:13	timeStampS	1299061213.265	injected	0	xPix	227	yPix	168	wheel	0	
mouseMove	window	FolderView	widget	3342984	date	2011 03 02 - 11:20:13	timeStampS	1299061213.280	injected	0	xPix	226	yPix	166	wheel	0	
mouseMove	window	FolderView	widget	3342984	date	2011 03 02 - 11:20:13	timeStampS	1299061213.296	injected	0	xPix	224	yPix	161	wheel	0	
mouseMove	window	FolderView	widget	3342984	date	2011 03 02 - 11:20:13	timeStampS	1299061213.312	injected	0	xPix	223	yPix	158	wheel	0	
mouseMove	window	FolderView	widget	3342984	date	2011 03 02 - 11:20:13	timeStampS	1299061213.327	injected	0	xPix	221	yPix	154	wheel	0	
mouseMove	window	FolderView	widget	3342984	date	2011 03 02 - 11:20:13	timeStampS	1299061213.343	injected	0	xPix	220	yPix	152	wheel	0	
mouseMove	window	FolderView	widget	3342984	date	2011 03 02 - 11:20:13	timeStampS	1299061213.358	injected	0	xPix	220	yPix	152	wheel	0	
mouseMove	window	FolderView	widget	3342984	date	2011 03 02 - 11:20:13	timeStampS	1299061213.374	injected	0	xPix	219	yPix	151	wheel	0	
mouseMove	window	FolderView	widget	3342984	date	2011 03 02 - 11:20:13	timeStampS	1299061213.390	injected	0	xPix	218	yPix	150	wheel	0	
mouseMove	window	FolderView	widget	3342984	date	2011 03 02 - 11:20:13	timeStampS	1299061213.405	injected	0	xPix	218	yPix	149	wheel	0	
mouseMove	window	FolderView	widget	3342984	date	2011 03 02 - 11:20:13	timeStampS	1299061213.421	injected	0	xPix	217	yPix	148	wheel	0	
mouseMove	window	FolderView	widget	3342984	date	2011 03 02 - 11:20:13	timeStampS	1299061213.437	injected	0	xPix	216	yPix	148	wheel	0	
mouseMove	window	FolderView	widget	3342984	date	2011 03 02 - 11:20:13	timeStampS	1299061213.468	injected	0	xPix	215	yPix	147	wheel	0	
mouseMove	window	FolderView	widget	3342984	date	2011 03 02 - 11:20:13	timeStampS	1299061213.515	injected	0	xPix	215	yPix	147	wheel	0	
mouseMove	window	FolderView	widget	3342984	date	2011 03 02 - 11:20:13	timeStampS	1299061213.530	injected	0	xPix	214	yPix	147	wheel	0	
mouseMove	window	FolderView	widget	3342984	date	2011 03 02 - 11:20:13	timeStampS	1299061213.546	injected	0	xPix	214	yPix	147	wheel	0	
mouseMove	window	FolderView	widget	3342984	date	2011 03 02 - 11:20:13	timeStampS	1299061213.562	injected	0	xPix	213	yPix	147	wheel	0	
mouseMove	window	FolderView	widget	3342984	date	2011 03 02 - 11:20:13	timeStampS	1299061213.577	injected	0	xPix	213	yPix	147	wheel	0	
mouseMove	window	FolderView	widget	3342984	date	2011 03 02 - 11:20:13	timeStampS	1299061213.593	injected	0	xPix	213	yPix	146	wheel	0	
mouseMove	window	FolderView	widget	3342984	date	2011 03 02 - 11:20:13	timeStampS	1299061213.624	injected	0	xPix	212	yPix	145	wheel	0	
mouseMove	window	FolderView	widget	3342984	date	2011 03 02 - 11:20:13	timeStampS	1299061213.655	injected	0	xPix	211	yPix	145	wheel	0	
mouseMove	window	FolderView	widget	3342984	date	2011 03 02 - 11:20:13	timeStampS	1299061213.671	injected	0	xPix	211	yPix	144	wheel	0	
mouseMove	window	FolderView	widget	3342984	date	2011 03 02 - 11:20:13	timeStampS	1299061213.687	injected	0	xPix	210	yPix	144	wheel	0	
mouseMove	window	FolderView	widget	3342984	date	2011 03 02 - 11:20:13	timeStampS	1299061213.702	injected	0	xPix	210	yPix	143	wheel	0	
mouseMove	window	FolderView	widget	3342984	date	2011 03 02 - 11:20:13	timeStampS	1299061213.718	injected	0	xPix	209	yPix	142	wheel	0	
mouseMove	window	FolderView	widget	3342984	date	2011 03 02 - 11:20:13	timeStampS	1299061213.749	injected	0	xPix	209	yPix	141	wheel	0	
mouseMove	window	FolderView	widget	3342984	date	2011 03 02 - 11:20:13	timeStampS	1299061213.780	injected	0	xPix	208	yPix	141	wheel	0	
mouseMove	window	FolderView	widget	3342984	date	2011 03 02 - 11:20:13	timeStampS	1299061213.937	injected	0	xPix	208	yPix	142	wheel	0	
mouseMove	window	FolderView	widget	3342984	date	2011 03 02 - 11:20:13	timeStampS	1299061213.952	injected	0	xPix	208	yPix	143	wheel	0	
mouseMove	window	FolderView	widget	3342984	date	2011 03 02 - 11:20:13	timeStampS	1299061213.968	injected	0	xPix	209	yPix	148	wheel	0	
mouseMove	window	FolderView	widget	3342984	date	2011 03 02 - 11:20:13	timeStampS	1299061213.983	injected	0	xPix	212	yPix	158	wheel	0	
mouseMove	window	FolderView	widget	3342984	date	2011 03 02 - 11:20:14	timeStampS	1299061213.999	injected	0	xPix	217	yPix	174	wheel	0	
mouseMove	window	FolderView	widget	3342984	date	2011 03 02 - 11:20:14	timeStampS	1299061214.015	injected	0	xPix	221	yPix	193	wheel	0	
mouseMove	window	FolderView	widget	3342984	date	2011 03 02 - 11:20:14	timeStampS	1299061214.030	injected	0	xPix	224	yPix	204	wheel	0	
mouseMove	window	FolderView	widget	3342984	date	2011 03 02 - 11:20:14	timeStampS	1299061214.046	injected	0	xPix	227	yPix	228	wheel	0	
mouseMove	window	FolderView	widget	3342984	date	2011 03 02 - 11:20:14	timeStampS	1299061214.062	injected	0	xPix	230	yPix	251	wheel	0	
mouseMove	window	FolderView	widget	3342984	date	2011 03 02 - 11:20:14	timeStampS	1299061214.077	injected	0	xPix	233	yPix	275	wheel	0	
mouseMove	window	FolderView	widget	3342984	date	2011 03 02 - 11:20:14	timeStampS	1299061214.093	injected	0	xPix	236	yPix	297	wheel	0	
mouseMove	window	FolderView	widget	3342984	date	2011 03 02 - 11:20:14	timeStampS	1299061214.108	injected	0	xPix	240	yPix	317	wheel	0	
mouseMove	window	FolderView	widget	3342984	date	2011 03 02 - 11:20:14	timeStampS	1299061214.124	injected	0	xPix	243	yPix	333	wheel	0	
mouseMove	window	FolderView	widget	3342984	date	2011 03 02 - 11:20:14	timeStampS	1299061214.140	injected	0	xPix	245	yPix	348	wheel	0	
mouseMove	window	FolderView	widget	3342984	date	2011 03 02 - 11:20:14	timeStampS	1299061214.155	injected	0	xPix	247	yPix	357	wheel	0	
mouseMove	window	FolderView	widget	3342984	date	2011 03 02 - 11:20:14	timeStampS	1299061214.171	injected	0	xPix	250	yPix	364	wheel	0	
mouseMove	window	FolderView	widget	3342984	date	2011 03 02 - 11:20:14	timeStampS	1299061214.187	injected	0	xPix	253	yPix	368	wheel	0	
mouseMove	window	FolderView	widget	3342984	date	2011 03 02 - 11:20:14	timeStampS	1299061214.202	injected	0	xPix	256	yPix	374	wheel	0	
mouseMove	window	FolderView	widget	3342984	date	2011 03 02 - 11:20:14	timeStampS	1299061214.218	injected	0	xPix	258	yPix	378	wheel	0	
mouseMove	window	FolderView	widget	3342984	date	2011 03 02 - 11:20:14	timeStampS	1299061214.233	injected	0	xPix	259	yPix	381	wheel	0	
mouseMove	window	FolderView	widget	3342984	date	2011 03 02 - 11:20:14	timeStampS	1299061214.249	injected	0	xPix	259	yPix	382	wheel	0	
mouseMove	window	FolderView	widget	3342984	date	2011 03 02 - 11:20:14	timeStampS	1299061214.265	injected	0	xPix	259	yPix	382	wheel	0	
mouseMove	window	FolderView	widget	3342984	date	2011 03 02 - 11:20:14	timeStampS	1299061214.280	injected	0	xPix	259	yPix	383	wheel	0	
mouseMove	window	FolderView	widget	3342984	date	2011 03 02 - 11:20:14	timeStampS	1299061214.296	injected	0	xPix	259	yPix	384	wheel	0	
mouseMove	window	FolderView	widget	3342984	date	2011 03 02 - 11:20:14	timeStampS	1299061214.312	injected	0	xPix	258	yPix	385	wheel	0	
mouseMove	window	FolderView	widget	3342984	date	2011 03 02 - 11:20:14	timeStampS	1299061214.327	injected	0	xPix	258	yPix	386	wheel	0	
mouseMove	window	FolderView	widget	3342984	date	2011 03 02 - 11:20:14	timeStampS	1299061214.343	injected	0	xPix	258	yPix	387	wheel	0	
mouseMove	window	FolderView	widget	3342984	date	2011 03 02 - 11:20:14	timeStampS	1299061214.358	injected	0	xPix	257	yPix	388	wheel	0	
mouseMove	window	FolderView	widget	3342984	date	2011 03 02 - 11:20:14	timeStampS	1299061214.374	injected	0	xPix	257	yPix	390	wheel	0	
mouseMove	window	FolderView	widget	3342984	date	2011 03 02 - 11:20:14	timeStampS	1299061214.390	injected	0	xPix	257	yPix	393	wheel	0	
mouseMove	window	FolderView	widget	3342984	date	2011 03 02 - 11:20:14	timeStampS	1299061214.405	injected	0	xPix	256	yPix	396	wheel	0	
mouseMove	window	FolderView	widget	3342984	date	2011 03 02 - 11:20:14	timeStampS	1299061214.421	injected	0	xPix	256	yPix	398	wheel	0	
mouseMove	window	FolderView	widget	3342984	date	2011 03 02 - 11:20:14	timeStampS	1299061214.437	injected	0	xPix	256	yPix	399	wheel	0	
mouseMove	window	FolderView	widget	3342984	date	2011 03 02 - 11:20:14	timeStampS	1299061214.530	injected	0	xPix	254	yPix	398	wheel	0	
mouseMove	window	FolderView	widget	3342984	date	2011 03 02 - 11:20:14	timeStampS	1299061214.546	injected	0	xPix	252	yPix	395	wheel	0	
mouseMove	window	FolderView	widget	3342984	date	2011 03 02 - 11:20:14	timeStampS	1299061214.562	injected	0	xPix	250	yPix	392	wheel	0	
mouseMove	window	FolderView	widget	3342984	date	2011 03 02 - 11:20:14	timeStampS	1299061214.577	injected	0	xPix	247	yPix	387	wheel	0	
mouseMove	window	FolderView	widget	3342984	date	2011 03 02 - 11:20:14	timeStampS	1299061214.593	injected	0	xPix	245	yPix	384	wheel	0	
mouseMove	window	FolderView	widget	3342984	date	2011 03 02 - 11:20:14	timeStampS	1299061214.608	injected	0	xPix	243	yPix	381	wheel	0	
mouseMove	window	FolderView	widget	3342984	date	2011 03 02 - 11:20:14	timeStampS	1299061214.624	injected	0	xPix	242	yPix	377	wheel	0	
mouseMove	window	FolderView	widget	3342984	date	2011 03 02 - 11:20:14	timeStampS	1299061214.640	injected	0	xPix	241	yPix	374	wheel	0	
mouseMove	window	FolderView	widget	3342984	date	2011 03 02 - 11:20:14	timeStampS	1299061214.655	injected	0	xPix	240	yPix	371	wheel	0	
mouseMove	window	FolderView	widget	3342984	date	2011 03 02 - 11:20:14	timeStampS	1299061214.671	injected	0	xPix	240	yPix	369	wheel	0	
mouseMove	window	FolderView	widget	3342984	date	2011 03 02 - 11:20:14	timeStampS	1299061214.687	injected	0	xPix	239	yPix	366	wheel	0	
mouseMove	window	FolderView	widget	3342984	date	2011 03 02 - 11:20:14	timeStampS	1299061214.702	injected	0	xPix	239	yPix	364	wheel	0	
mouseMove	window	FolderView	widget	3342984	date	2011 03 02 - 11:20:14	timeStampS	1299061214.718	injected	0	xPix	239	yPix	361	wheel	0	
mouseMove	window	FolderView	widget	3342984	date	2011 03 02 - 11:20:14	timeStampS	1299061214.733	injected	0	xPix	239	yPix	359	wheel	0	
mouseMove	window	FolderView	widget	3342984	date	2011 03 02 - 11:20:14	timeStampS	1299061214.749	injected	0	xPix	239	yPix	357	wheel	0	
mouseMove	window	FolderView	widget	3342984	date	2011 03 02 - 11:20:14	timeStampS	1299061214.765	injected	0	xPix	239	yPix	355	wheel	0	
mouseMove	window	FolderView	widget	3342984	date	2011 03 02 - 11:20:14	timeStampS	1299061214.780	injected	0	xPix	239	yPix	353	wheel	0	
mouseMove	window	FolderView	widget	3342984	date	2011 03 02 - 11:20:14	timeStampS	1299061214.796	injected	0	xPix	239	yPix	352	wheel	0	
mouseMove	window	FolderView	widget	3342984	date	2011 03 02 - 11:20:14	timeStampS	1299061214.812	injected	0	xPix	239	yPix	352	wheel	0	
mouseMove	window	FolderView	widget	3342984	date	2011 03 02 - 11:20:14	timeStampS	1299061214.827	injected	0	xPix	239	yPix	351	wheel	0	
mouseMove	window	FolderView	widget	3342984	date	2011 03 02 - 11:20:14	timeStampS	1299061214.843	injected	0	xPix	239	yPix	350	wheel	0	
mouseMove	window	FolderView	widget	3342984	date	2011 03 02 - 11:20:14	timeStampS	1299061214.858	injected	0	xPix	239	yPix	349	wheel	0	
mouseMove	window	FolderView	widget	3342984	date	2011 03 02 - 11:20:14	timeStampS	1299061214.874	injected	0	xPix	239	yPix	348	wheel	0	
mouseMove	window	FolderView	widget	3342984	date	2011 03 02 - 11:20:14	timeStampS	1299061214.890	injected	0	xPix	239	yPix	347	wheel	0	
mouseMove	window	FolderView	widget	3342984	date	2011 03 02 - 11:20:14	timeStampS	1299061214.905	injected	0	xPix	239	yPix	347	wheel	0	
mouseMove	window	FolderView	widget	3342984	date	2011 03 02 - 11:20:15	timeStampS	1299061215.171	injected	0	xPix	239	yPix	346	wheel	0	
mouseMove	window	FolderView	widget	3342984	date	2011 03 02 - 11:20:15	timeStampS	1299061215.187	injected	0	xPix	239	yPix	345	wheel	0	
mouseMove	window	FolderView	widget	3342984	date	2011 03 02 - 11:20:15	timeStampS	1299061215.202	injected	0	xPix	239	yPix	344	wheel	0	
mouseMove	window	FolderView	widget	3342984	date	2011 03 02 - 11:20:15	timeStampS	1299061215.218	injected	0	xPix	239	yPix	343	wheel	0	
mouseMove	window	FolderView	widget	3342984	date	2011 03 02 - 11:20:15	timeStampS	1299061215.233	injected	0	xPix	238	yPix	339	wheel	0	
mouseMove	window	FolderView	widget	3342984	date	2011 03 02 - 11:20:15	timeStampS	1299061215.249	injected	0	xPix	238	yPix	337	wheel	0	
mouseMove	window	FolderView	widget	3342984	date	2011 03 02 - 11:20:15	timeStampS	1299061215.265	injected	0	xPix	237	yPix	334	wheel	0	
mouseMove	window	FolderView	widget	3342984	date	2011 03 02 - 11:20:15	timeStampS	1299061215.280	injected	0	xPix	237	yPix	332	wheel	0	
mouseMove	window	FolderView	widget	3342984	date	2011 03 02 - 11:20:15	timeStampS	1299061215.296	injected	0	xPix	237	yPix	330	wheel	0	
mouseMove	window	FolderView	widget	3342984	date	2011 03 02 - 11:20:15	timeStampS	1299061215.312	injected	0	xPix	236	yPix	329	wheel	0	
mouseMove	window	FolderView	widget	3342984	date	2011 03 02 - 11:20:15	timeStampS	1299061215.327	injected	0	xPix	236	yPix	329	wheel	0	
mouseMove	window	FolderView	widget	3342984	date	2011 03 02 - 11:20:15	timeStampS	1299061215.343	injected	0	xPix	236	yPix	328	wheel	0	
mouseMove	window	FolderView	widget	3342984	date	2011 03 02 - 11:20:15	timeStampS	1299061215.358	injected	0	xPix	236	yPix	327	wheel	0	
mouseMove	window	FolderView	widget	3342984	date	2011 03 02 - 11:20:15	timeStampS	1299061215.374	injected	0	xPix	235	yPix	325	wheel	0	
mouseMove	window	FolderView	widget	3342984	date	2011 03 02 - 11:20:15	timeStampS	1299061215.390	injected	0	xPix	235	yPix	322	wheel	0	
mouseMove	window	FolderView	widget	3342984	date	2011 03 02 - 11:20:15	timeStampS	1299061215.405	injected	0	xPix	235	yPix	321	wheel	0	
mouseMove	window	FolderView	widget	3342984	date	2011 03 02 - 11:20:15	timeStampS	1299061215.421	injected	0	xPix	235	yPix	318	wheel	0	
mouseMove	window	FolderView	widget	3342984	date	2011 03 02 - 11:20:15	timeStampS	1299061215.437	injected	0	xPix	234	yPix	317	wheel	0	
mouseMove	window	FolderView	widget	3342984	date	2011 03 02 - 11:20:15	timeStampS	1299061215.452	injected	0	xPix	234	yPix	315	wheel	0	
mouseMove	window	FolderView	widget	3342984	date	2011 03 02 - 11:20:15	timeStampS	1299061215.468	injected	0	xPix	234	yPix	314	wheel	0	
mouseMove	window	FolderView	widget	3342984	date	2011 03 02 - 11:20:15	timeStampS	1299061215.483	injected	0	xPix	234	yPix	312	wheel	0	
mouseMove	window	FolderView	widget	3342984	date	2011 03 02 - 11:20:15	timeStampS	1299061215.499	injected	0	xPix	234	yPix	311	wheel	0	
mouseMove	window	FolderView	widget	3342984	date	2011 03 02 - 11:20:15	timeStampS	1299061215.515	injected	0	xPix	234	yPix	309	wheel	0	
mouseMove	window	FolderView	widget	3342984	date	2011 03 02 - 11:20:15	timeStampS	1299061215.530	injected	0	xPix	234	yPix	308	wheel	0	
mouseMove	window	FolderView	widget	3342984	date	2011 03 02 - 11:20:15	timeStampS	1299061215.546	injected	0	xPix	234	yPix	306	wheel	0	
mouseMove	window	FolderView	widget	3342984	date	2011 03 02 - 11:20:15	timeStampS	1299061215.562	injected	0	xPix	234	yPix	305	wheel	0	
mouseMove	window	FolderView	widget	3342984	date	2011 03 02 - 11:20:15	timeStampS	1299061215.577	injected	0	xPix	234	yPix	304	wheel	0	
mouseMove	window	FolderView	widget	3342984	date	2011 03 02 - 11:20:15	timeStampS	1299061215.593	injected	0	xPix	234	yPix	302	wheel	0	
mouseMove	window	FolderView	widget	3342984	date	2011 03 02 - 11:20:15	timeStampS	1299061215.608	injected	0	xPix	234	yPix	301	wheel	0	
mouseMove	window	FolderView	widget	3342984	date	2011 03 02 - 11:20:15	timeStampS	1299061215.624	injected	0	xPix	234	yPix	299	wheel	0	
mouseMove	window	FolderView	widget	3342984	date	2011 03 02 - 11:20:15	timeStampS	1299061215.640	injected	0	xPix	234	yPix	298	wheel	0	
mouseMove	window	FolderView	widget	3342984	date	2011 03 02 - 11:20:15	timeStampS	1299061215.687	injected	0	xPix	234	yPix	298	wheel	0	
mouseMove	window	FolderView	widget	3342984	date	2011 03 02 - 11:20:15	timeStampS	1299061215.733	injected	0	xPix	234	yPix	297	wheel	0	
mouseMove	window	FolderView	widget	3342984	date	2011 03 02 - 11:20:15	timeStampS	1299061215.749	injected	0	xPix	234	yPix	297	wheel	0	
mouseMove	window	FolderView	widget	3342984	date	2011 03 02 - 11:20:15	timeStampS	1299061215.765	injected	0	xPix	234	yPix	296	wheel	0	
mouseMove	window	FolderView	widget	3342984	date	2011 03 02 - 11:20:15	timeStampS	1299061215.780	injected	0	xPix	234	yPix	295	wheel	0	
mouseMove	window	FolderView	widget	3342984	date	2011 03 02 - 11:20:15	timeStampS	1299061215.796	injected	0	xPix	233	yPix	294	wheel	0	
mouseMove	window	FolderView	widget	3342984	date	2011 03 02 - 11:20:15	timeStampS	1299061215.812	injected	0	xPix	232	yPix	294	wheel	0	
mouseMove	window	FolderView	widget	3342984	date	2011 03 02 - 11:20:15	timeStampS	1299061215.827	injected	0	xPix	231	yPix	292	wheel	0	
mouseMove	window	FolderView	widget	3342984	date	2011 03 02 - 11:20:15	timeStampS	1299061215.843	injected	0	xPix	231	yPix	291	wheel	0	
mouseMove	window	FolderView	widget	3342984	date	2011 03 02 - 11:20:15	timeStampS	1299061215.858	injected	0	xPix	229	yPix	289	wheel	0	
mouseMove	window	FolderView	widget	3342984	date	2011 03 02 - 11:20:15	timeStampS	1299061215.874	injected	0	xPix	229	yPix	286	wheel	0	
mouseMove	window	FolderView	widget	3342984	date	2011 03 02 - 11:20:15	timeStampS	1299061215.890	injected	0	xPix	228	yPix	284	wheel	0	
mouseMove	window	FolderView	widget	3342984	date	2011 03 02 - 11:20:15	timeStampS	1299061215.905	injected	0	xPix	227	yPix	282	wheel	0	
mouseMove	window	FolderView	widget	3342984	date	2011 03 02 - 11:20:15	timeStampS	1299061215.921	injected	0	xPix	226	yPix	281	wheel	0	
mouseMove	window	FolderView	widget	3342984	date	2011 03 02 - 11:20:15	timeStampS	1299061215.937	injected	0	xPix	226	yPix	281	wheel	0	
mouseMove	window	FolderView	widget	3342984	date	2011 03 02 - 11:20:15	timeStampS	1299061215.952	injected	0	xPix	225	yPix	280	wheel	0	
mouseMove	window	FolderView	widget	3342984	date	2011 03 02 - 11:20:15	timeStampS	1299061215.983	injected	0	xPix	225	yPix	279	wheel	0	
mouseLeftDown	window	FolderView	widget	3342984	date	2011 03 02 - 11:20:16	timeStampS	1299061216.265	injected	0	xPix	225	yPix	279	wheel	0	
mouseMove	window	FolderView	widget	3342984	date	2011 03 02 - 11:20:16	timeStampS	1299061216.327	injected	0	xPix	225	yPix	279	wheel	0	
mouseLeftUp	window	FolderView	widget	3342984	date	2011 03 02 - 11:20:16	timeStampS	1299061216.343	injected	0	xPix	225	yPix	279	wheel	0	
mouseMove	window	FolderView	widget	3342984	date	2011 03 02 - 11:20:16	timeStampS	1299061216.374	injected	0	xPix	225	yPix	279	wheel	0	
mouseLeftDown	window	FolderView	widget	3342984	date	2011 03 02 - 11:20:16	timeStampS	1299061216.405	injected	0	xPix	225	yPix	279	wheel	0	
mouseLeftUp	window	FolderView	widget	3342984	date	2011 03 02 - 11:20:16	timeStampS	1299061216.515	injected	0	xPix	225	yPix	279	wheel	0	
mouseMove	window	FolderView	widget	3342984	date	2011 03 02 - 11:20:16	timeStampS	1299061216.530	injected	0	xPix	226	yPix	279	wheel	0	
mouseMove	window	FolderView	widget	3342984	date	2011 03 02 - 11:20:16	timeStampS	1299061216.546	injected	0	xPix	227	yPix	279	wheel	0	
mouseMove	window	FolderView	widget	3342984	date	2011 03 02 - 11:20:16	timeStampS	1299061216.562	injected	0	xPix	228	yPix	279	wheel	0	
mouseMove	window	FolderView	widget	3342984	date	2011 03 02 - 11:20:16	timeStampS	1299061216.577	injected	0	xPix	230	yPix	279	wheel	0	
mouseMove	window	FolderView	widget	3342984	date	2011 03 02 - 11:20:16	timeStampS	1299061216.593	injected	0	xPix	232	yPix	279	wheel	0	
mouseMove	window	FolderView	widget	3342984	date	2011 03 02 - 11:20:16	timeStampS	1299061216.608	injected	0	xPix	235	yPix	279	wheel	0	
mouseMove	window	FolderView	widget	3342984	date	2011 03 02 - 11:20:16	timeStampS	1299061216.624	injected	0	xPix	238	yPix	279	wheel	0	
mouseMove	window	FolderView	widget	3342984	date	2011 03 02 - 11:20:16	timeStampS	1299061216.640	injected	0	xPix	243	yPix	279	wheel	0	
mouseMove	window	FolderView	widget	3342984	date	2011 03 02 - 11:20:16	timeStampS	1299061216.655	injected	0	xPix	246	yPix	279	wheel	0	
mouseMove	window	FolderView	widget	3342984	date	2011 03 02 - 11:20:16	timeStampS	1299061216.671	injected	0	xPix	249	yPix	279	wheel	0	
mouseMove	window	FolderView	widget	3342984	date	2011 03 02 - 11:20:16	timeStampS	1299061216.687	injected	0	xPix	251	yPix	279	wheel	0	
mouseMove	window	FolderView	widget	3342984	date	2011 03 02 - 11:20:16	timeStampS	1299061216.702	injected	0	xPix	252	yPix	279	wheel	0	
mouseMove	window	FolderView	widget	3342984	date	2011 03 02 - 11:20:16	timeStampS	1299061216.718	injected	0	xPix	254	yPix	279	wheel	0	
mouseMove	window	FolderView	widget	3342984	date	2011 03 02 - 11:20:16	timeStampS	1299061216.733	injected	0	xPix	256	yPix	279	wheel	0	
mouseMove	window	FolderView	widget	3342984	date	2011 03 02 - 11:20:16	timeStampS	1299061216.749	injected	0	xPix	260	yPix	280	wheel	0	
mouseMove	window	FolderView	widget	3342984	date	2011 03 02 - 11:20:16	timeStampS	1299061216.765	injected	0	xPix	264	yPix	282	wheel	0	
mouseMove	window	FolderView	widget	3342984	date	2011 03 02 - 11:20:16	timeStampS	1299061216.780	injected	0	xPix	269	yPix	284	wheel	0	
mouseMove	window	FolderView	widget	3342984	date	2011 03 02 - 11:20:16	timeStampS	1299061216.796	injected	0	xPix	274	yPix	287	wheel	0	
mouseMove	window	FolderView	widget	3342984	date	2011 03 02 - 11:20:16	timeStampS	1299061216.812	injected	0	xPix	281	yPix	292	wheel	0	
mouseMove	window	FolderView	widget	3342984	date	2011 03 02 - 11:20:16	timeStampS	1299061216.827	injected	0	xPix	288	yPix	297	wheel	0	
mouseMove	window	FolderView	widget	3342984	date	2011 03 02 - 11:20:16	timeStampS	1299061216.843	injected	0	xPix	295	yPix	304	wheel	0	
mouseMove	window	FolderView	widget	3342984	date	2011 03 02 - 11:20:16	timeStampS	1299061216.858	injected	0	xPix	303	yPix	313	wheel	0	
mouseMove	window	FolderView	widget	3342984	date	2011 03 02 - 11:20:16	timeStampS	1299061216.874	injected	0	xPix	309	yPix	322	wheel	0	
mouseMove	window	FolderView	widget	3342984	date	2011 03 02 - 11:20:16	timeStampS	1299061216.890	injected	0	xPix	317	yPix	333	wheel	0	
mouseMove	window	FolderView	widget	3342984	date	2011 03 02 - 11:20:16	timeStampS	1299061216.905	injected	0	xPix	324	yPix	344	wheel	0	
mouseMove	window	FolderView	widget	3342984	date	2011 03 02 - 11:20:16	timeStampS	1299061216.921	injected	0	xPix	331	yPix	355	wheel	0	
mouseMove	window	FolderView	widget	3342984	date	2011 03 02 - 11:20:16	timeStampS	1299061216.937	injected	0	xPix	337	yPix	365	wheel	0	
mouseMove	window	FolderView	widget	3342984	date	2011 03 02 - 11:20:16	timeStampS	1299061216.952	injected	0	xPix	341	yPix	374	wheel	0	
mouseMove	window	FolderView	widget	3342984	date	2011 03 02 - 11:20:16	timeStampS	1299061216.968	injected	0	xPix	345	yPix	381	wheel	0	
mouseMove	window	FolderView	widget	3342984	date	2011 03 02 - 11:20:16	timeStampS	1299061216.983	injected	0	xPix	347	yPix	385	wheel	0	
mouseMove	window	FolderView	widget	3342984	date	2011 03 02 - 11:20:17	timeStampS	1299061216.999	injected	0	xPix	348	yPix	387	wheel	0	
mouseMove	window	FolderView	widget	3342984	date	2011 03 02 - 11:20:17	timeStampS	1299061217.015	injected	0	xPix	349	yPix	390	wheel	0	
mouseMove	window	FolderView	widget	3342984	date	2011 03 02 - 11:20:17	timeStampS	1299061217.030	injected	0	xPix	350	yPix	390	wheel	0	
mouseMove	window	FolderView	widget	3342984	date	2011 03 02 - 11:20:17	timeStampS	1299061217.046	injected	0	xPix	350	yPix	391	wheel	0	
mouseMove	window	FolderView	widget	3342984	date	2011 03 02 - 11:20:21	timeStampS	1299061221.624	injected	0	xPix	351	yPix	391	wheel	0	
mouseMove	window	FolderView	widget	3342984	date	2011 03 02 - 11:20:21	timeStampS	1299061221.655	injected	0	xPix	350	yPix	391	wheel	0	
mouseMove	window	FolderView	widget	3342984	date	2011 03 02 - 11:20:21	timeStampS	1299061221.671	injected	0	xPix	349	yPix	388	wheel	0	
mouseMove	window	FolderView	widget	3342984	date	2011 03 02 - 11:20:21	timeStampS	1299061221.687	injected	0	xPix	347	yPix	384	wheel	0	
mouseMove	window	FolderView	widget	3342984	date	2011 03 02 - 11:20:21	timeStampS	1299061221.702	injected	0	xPix	346	yPix	380	wheel	0	
mouseMove	window	FolderView	widget	3342984	date	2011 03 02 - 11:20:21	timeStampS	1299061221.718	injected	0	xPix	341	yPix	370	wheel	0	
mouseMove	window	FolderView	widget	3342984	date	2011 03 02 - 11:20:21	timeStampS	1299061221.733	injected	0	xPix	336	yPix	358	wheel	0	
mouseMove	window	FolderView	widget	3342984	date	2011 03 02 - 11:20:21	timeStampS	1299061221.749	injected	0	xPix	330	yPix	346	wheel	0	
mouseMove	window	FolderView	widget	3342984	date	2011 03 02 - 11:20:21	timeStampS	1299061221.765	injected	0	xPix	324	yPix	336	wheel	0	
mouseMove	window	FolderView	widget	3342984	date	2011 03 02 - 11:20:21	timeStampS	1299061221.780	injected	0	xPix	320	yPix	325	wheel	0	
mouseMove	window	FolderView	widget	3342984	date	2011 03 02 - 11:20:21	timeStampS	1299061221.796	injected	0	xPix	315	yPix	319	wheel	0	
mouseMove	window	FolderView	widget	3342984	date	2011 03 02 - 11:20:21	timeStampS	1299061221.812	injected	0	xPix	312	yPix	312	wheel	0	
mouseMove	window	FolderView	widget	3342984	date	2011 03 02 - 11:20:21	timeStampS	1299061221.827	injected	0	xPix	308	yPix	306	wheel	0	
mouseMove	window	FolderView	widget	3342984	date	2011 03 02 - 11:20:21	timeStampS	1299061221.843	injected	0	xPix	304	yPix	301	wheel	0	
mouseMove	window	FolderView	widget	3342984	date	2011 03 02 - 11:20:21	timeStampS	1299061221.858	injected	0	xPix	300	yPix	297	wheel	0	
mouseMove	window	FolderView	widget	3342984	date	2011 03 02 - 11:20:21	timeStampS	1299061221.874	injected	0	xPix	297	yPix	293	wheel	0	
mouseMove	window	FolderView	widget	3342984	date	2011 03 02 - 11:20:21	timeStampS	1299061221.890	injected	0	xPix	294	yPix	289	wheel	0	
mouseMove	window	FolderView	widget	3342984	date	2011 03 02 - 11:20:21	timeStampS	1299061221.905	injected	0	xPix	289	yPix	283	wheel	0	
mouseMove	window	FolderView	widget	3342984	date	2011 03 02 - 11:20:21	timeStampS	1299061221.921	injected	0	xPix	285	yPix	279	wheel	0	
mouseMove	window	FolderView	widget	3342984	date	2011 03 02 - 11:20:21	timeStampS	1299061221.937	injected	0	xPix	282	yPix	276	wheel	0	
mouseMove	window	FolderView	widget	3342984	date	2011 03 02 - 11:20:21	timeStampS	1299061221.952	injected	0	xPix	280	yPix	274	wheel	0	
mouseMove	window	FolderView	widget	3342984	date	2011 03 02 - 11:20:21	timeStampS	1299061221.968	injected	0	xPix	278	yPix	273	wheel	0	
mouseMove	window	FolderView	widget	3342984	date	2011 03 02 - 11:20:21	timeStampS	1299061221.983	injected	0	xPix	277	yPix	272	wheel	0	
mouseMove	window	FolderView	widget	3342984	date	2011 03 02 - 11:20:22	timeStampS	1299061221.999	injected	0	xPix	276	yPix	271	wheel	0	
mouseMove	window	FolderView	widget	3342984	date	2011 03 02 - 11:20:22	timeStampS	1299061222.015	injected	0	xPix	276	yPix	270	wheel	0	
mouseMove	window	FolderView	widget	3342984	date	2011 03 02 - 11:20:22	timeStampS	1299061222.030	injected	0	xPix	275	yPix	270	wheel	0	
mouseMove	window	FolderView	widget	3342984	date	2011 03 02 - 11:20:22	timeStampS	1299061222.046	injected	0	xPix	274	yPix	269	wheel	0	
mouseMove	window	FolderView	widget	3342984	date	2011 03 02 - 11:20:22	timeStampS	1299061222.062	injected	0	xPix	274	yPix	269	wheel	0	
mouseMove	window	FolderView	widget	3342984	date	2011 03 02 - 11:20:22	timeStampS	1299061222.124	injected	0	xPix	273	yPix	269	wheel	0	
mouseMove	window	FolderView	widget	3342984	date	2011 03 02 - 11:20:22	timeStampS	1299061222.140	injected	0	xPix	272	yPix	270	wheel	0	
mouseMove	window	FolderView	widget	3342984	date	2011 03 02 - 11:20:22	timeStampS	1299061222.155	injected	0	xPix	271	yPix	274	wheel	0	
mouseMove	window	FolderView	widget	3342984	date	2011 03 02 - 11:20:22	timeStampS	1299061222.171	injected	0	xPix	269	yPix	280	wheel	0	
mouseMove	window	FolderView	widget	3342984	date	2011 03 02 - 11:20:22	timeStampS	1299061222.187	injected	0	xPix	268	yPix	287	wheel	0	
mouseMove	window	FolderView	widget	3342984	date	2011 03 02 - 11:20:22	timeStampS	1299061222.202	injected	0	xPix	268	yPix	294	wheel	0	
mouseMove	window	FolderView	widget	3342984	date	2011 03 02 - 11:20:22	timeStampS	1299061222.218	injected	0	xPix	268	yPix	300	wheel	0	
mouseMove	window	FolderView	widget	3342984	date	2011 03 02 - 11:20:22	timeStampS	1299061222.233	injected	0	xPix	268	yPix	306	wheel	0	
mouseMove	window	FolderView	widget	3342984	date	2011 03 02 - 11:20:22	timeStampS	1299061222.249	injected	0	xPix	268	yPix	309	wheel	0	
mouseMove	window	FolderView	widget	3342984	date	2011 03 02 - 11:20:22	timeStampS	1299061222.265	injected	0	xPix	268	yPix	312	wheel	0	
mouseMove	window	FolderView	widget	3342984	date	2011 03 02 - 11:20:22	timeStampS	1299061222.280	injected	0	xPix	268	yPix	313	wheel	0	
mouseMove	window	FolderView	widget	3342984	date	2011 03 02 - 11:20:22	timeStampS	1299061222.296	injected	0	xPix	268	yPix	314	wheel	0	
mouseMove	window	FolderView	widget	3342984	date	2011 03 02 - 11:20:22	timeStampS	1299061222.358	injected	0	xPix	267	yPix	314	wheel	0	
mouseMove	window	FolderView	widget	3342984	date	2011 03 02 - 11:20:22	timeStampS	1299061222.374	injected	0	xPix	266	yPix	314	wheel	0	
mouseMove	window	FolderView	widget	3342984	date	2011 03 02 - 11:20:22	timeStampS	1299061222.390	injected	0	xPix	266	yPix	314	wheel	0	
mouseMove	window	FolderView	widget	3342984	date	2011 03 02 - 11:20:22	timeStampS	1299061222.405	injected	0	xPix	265	yPix	314	wheel	0	
mouseMove	window	FolderView	widget	3342984	date	2011 03 02 - 11:20:22	timeStampS	1299061222.421	injected	0	xPix	263	yPix	314	wheel	0	
mouseMove	window	FolderView	widget	3342984	date	2011 03 02 - 11:20:22	timeStampS	1299061222.437	injected	0	xPix	259	yPix	313	wheel	0	
mouseMove	window	FolderView	widget	3342984	date	2011 03 02 - 11:20:22	timeStampS	1299061222.452	injected	0	xPix	258	yPix	311	wheel	0	
mouseMove	window	FolderView	widget	3342984	date	2011 03 02 - 11:20:22	timeStampS	1299061222.468	injected	0	xPix	257	yPix	311	wheel	0	
mouseMove	window	FolderView	widget	3342984	date	2011 03 02 - 11:20:22	timeStampS	1299061222.483	injected	0	xPix	255	yPix	310	wheel	0	
mouseMove	window	FolderView	widget	3342984	date	2011 03 02 - 11:20:22	timeStampS	1299061222.499	injected	0	xPix	255	yPix	310	wheel	0	
mouseMove	window	FolderView	widget	3342984	date	2011 03 02 - 11:20:22	timeStampS	1299061222.515	injected	0	xPix	254	yPix	310	wheel	0	
mouseMove	window	FolderView	widget	3342984	date	2011 03 02 - 11:20:22	timeStampS	1299061222.546	injected	0	xPix	254	yPix	310	wheel	0	
mouseMove	window	FolderView	widget	3342984	date	2011 03 02 - 11:20:22	timeStampS	1299061222.577	injected	0	xPix	253	yPix	310	wheel	0	
mouseMove	window	FolderView	widget	3342984	date	2011 03 02 - 11:20:22	timeStampS	1299061222.593	injected	0	xPix	253	yPix	310	wheel	0	
mouseMove	window	FolderView	widget	3342984	date	2011 03 02 - 11:20:22	timeStampS	1299061222.608	injected	0	xPix	252	yPix	310	wheel	0	
mouseMove	window	FolderView	widget	3342984	date	2011 03 02 - 11:20:22	timeStampS	1299061222.640	injected	0	xPix	251	yPix	310	wheel	0	
mouseMove	window	FolderView	widget	3342984	date	2011 03 02 - 11:20:22	timeStampS	1299061222.655	injected	0	xPix	251	yPix	311	wheel	0	
mouseMove	window	FolderView	widget	3342984	date	2011 03 02 - 11:20:22	timeStampS	1299061222.671	injected	0	xPix	251	yPix	314	wheel	0	
mouseMove	window	FolderView	widget	3342984	date	2011 03 02 - 11:20:22	timeStampS	1299061222.687	injected	0	xPix	251	yPix	317	wheel	0	
mouseMove	window	FolderView	widget	3342984	date	2011 03 02 - 11:20:22	timeStampS	1299061222.702	injected	0	xPix	251	yPix	320	wheel	0	
mouseMove	window	FolderView	widget	3342984	date	2011 03 02 - 11:20:22	timeStampS	1299061222.718	injected	0	xPix	252	yPix	326	wheel	0	
mouseMove	window	FolderView	widget	3342984	date	2011 03 02 - 11:20:22	timeStampS	1299061222.733	injected	0	xPix	253	yPix	332	wheel	0	
mouseMove	window	FolderView	widget	3342984	date	2011 03 02 - 11:20:22	timeStampS	1299061222.749	injected	0	xPix	254	yPix	339	wheel	0	
mouseMove	window	FolderView	widget	3342984	date	2011 03 02 - 11:20:22	timeStampS	1299061222.765	injected	0	xPix	255	yPix	348	wheel	0	
mouseMove	window	FolderView	widget	3342984	date	2011 03 02 - 11:20:22	timeStampS	1299061222.780	injected	0	xPix	257	yPix	354	wheel	0	
mouseMove	window	FolderView	widget	3342984	date	2011 03 02 - 11:20:22	timeStampS	1299061222.796	injected	0	xPix	258	yPix	359	wheel	0	
mouseMove	window	FolderView	widget	3342984	date	2011 03 02 - 11:20:22	timeStampS	1299061222.812	injected	0	xPix	260	yPix	362	wheel	0	
mouseMove	window	FolderView	widget	3342984	date	2011 03 02 - 11:20:22	timeStampS	1299061222.827	injected	0	xPix	260	yPix	362	wheel	0	
mouseMove	window	FolderView	widget	3342984	date	2011 03 02 - 11:20:22	timeStampS	1299061222.921	injected	0	xPix	260	yPix	361	wheel	0	
mouseMove	window	FolderView	widget	3342984	date	2011 03 02 - 11:20:22	timeStampS	1299061222.937	injected	0	xPix	259	yPix	360	wheel	0	
mouseMove	window	FolderView	widget	3342984	date	2011 03 02 - 11:20:22	timeStampS	1299061222.952	injected	0	xPix	258	yPix	358	wheel	0	
mouseMove	window	FolderView	widget	3342984	date	2011 03 02 - 11:20:22	timeStampS	1299061222.968	injected	0	xPix	256	yPix	355	wheel	0	
mouseMove	window	FolderView	widget	3342984	date	2011 03 02 - 11:20:22	timeStampS	1299061222.983	injected	0	xPix	254	yPix	353	wheel	0	
mouseMove	window	FolderView	widget	3342984	date	2011 03 02 - 11:20:23	timeStampS	1299061222.999	injected	0	xPix	252	yPix	350	wheel	0	
mouseMove	window	FolderView	widget	3342984	date	2011 03 02 - 11:20:23	timeStampS	1299061223.015	injected	0	xPix	249	yPix	348	wheel	0	
mouseMove	window	FolderView	widget	3342984	date	2011 03 02 - 11:20:23	timeStampS	1299061223.030	injected	0	xPix	248	yPix	346	wheel	0	
mouseMove	window	FolderView	widget	3342984	date	2011 03 02 - 11:20:23	timeStampS	1299061223.046	injected	0	xPix	246	yPix	344	wheel	0	
mouseMove	window	FolderView	widget	3342984	date	2011 03 02 - 11:20:23	timeStampS	1299061223.062	injected	0	xPix	244	yPix	343	wheel	0	
mouseMove	window	FolderView	widget	3342984	date	2011 03 02 - 11:20:23	timeStampS	1299061223.077	injected	0	xPix	243	yPix	342	wheel	0	
mouseMove	window	FolderView	widget	3342984	date	2011 03 02 - 11:20:23	timeStampS	1299061223.124	injected	0	xPix	243	yPix	341	wheel	0	
mouseMove	window	FolderView	widget	3342984	date	2011 03 02 - 11:20:23	timeStampS	1299061223.140	injected	0	xPix	242	yPix	341	wheel	0	
mouseMove	window	FolderView	widget	3342984	date	2011 03 02 - 11:20:23	timeStampS	1299061223.155	injected	0	xPix	242	yPix	340	wheel	0	
mouseMove	window	FolderView	widget	3342984	date	2011 03 02 - 11:20:23	timeStampS	1299061223.171	injected	0	xPix	241	yPix	339	wheel	0	
mouseMove	window	FolderView	widget	3342984	date	2011 03 02 - 11:20:23	timeStampS	1299061223.187	injected	0	xPix	240	yPix	339	wheel	0	
mouseMove	window	FolderView	widget	3342984	date	2011 03 02 - 11:20:23	timeStampS	1299061223.202	injected	0	xPix	239	yPix	338	wheel	0	
mouseMove	window	FolderView	widget	3342984	date	2011 03 02 - 11:20:23	timeStampS	1299061223.218	injected	0	xPix	238	yPix	338	wheel	0	
mouseMove	window	FolderView	widget	3342984	date	2011 03 02 - 11:20:23	timeStampS	1299061223.233	injected	0	xPix	236	yPix	337	wheel	0	
mouseMove	window	FolderView	widget	3342984	date	2011 03 02 - 11:20:23	timeStampS	1299061223.249	injected	0	xPix	235	yPix	337	wheel	0	
mouseMove	window	FolderView	widget	3342984	date	2011 03 02 - 11:20:23	timeStampS	1299061223.265	injected	0	xPix	234	yPix	336	wheel	0	
mouseMove	window	FolderView	widget	3342984	date	2011 03 02 - 11:20:23	timeStampS	1299061223.327	injected	0	xPix	233	yPix	336	wheel	0	
mouseMove	window	FolderView	widget	3342984	date	2011 03 02 - 11:20:23	timeStampS	1299061223.343	injected	0	xPix	233	yPix	337	wheel	0	
mouseMove	window	FolderView	widget	3342984	date	2011 03 02 - 11:20:23	timeStampS	1299061223.358	injected	0	xPix	232	yPix	337	wheel	0	
mouseMove	window	FolderView	widget	3342984	date	2011 03 02 - 11:20:23	timeStampS	1299061223.374	injected	0	xPix	231	yPix	338	wheel	0	
mouseMove	window	FolderView	widget	3342984	date	2011 03 02 - 11:20:23	timeStampS	1299061223.390	injected	0	xPix	230	yPix	340	wheel	0	
mouseMove	window	FolderView	widget	3342984	date	2011 03 02 - 11:20:23	timeStampS	1299061223.405	injected	0	xPix	229	yPix	342	wheel	0	
mouseMove	window	FolderView	widget	3342984	date	2011 03 02 - 11:20:23	timeStampS	1299061223.421	injected	0	xPix	228	yPix	344	wheel	0	
mouseMove	window	FolderView	widget	3342984	date	2011 03 02 - 11:20:23	timeStampS	1299061223.437	injected	0	xPix	227	yPix	345	wheel	0	
mouseMove	window	FolderView	widget	3342984	date	2011 03 02 - 11:20:23	timeStampS	1299061223.452	injected	0	xPix	227	yPix	346	wheel	0	
mouseLeftDown	window	FolderView	widget	3342984	date	2011 03 02 - 11:20:23	timeStampS	1299061223.983	injected	0	xPix	227	yPix	346	wheel	0	
mouseLeftUp	window	FolderView	widget	3342984	date	2011 03 02 - 11:20:24	timeStampS	1299061224.093	injected	0	xPix	227	yPix	346	wheel	0	
mouseLeftDown	window	FolderView	widget	3342984	date	2011 03 02 - 11:20:24	timeStampS	1299061224.140	injected	0	xPix	227	yPix	346	wheel	0	
mouseLeftUp	window	FolderView	widget	3342984	date	2011 03 02 - 11:20:24	timeStampS	1299061224.233	injected	0	xPix	227	yPix	346	wheel	0	
stopLogger	window	C:\root\projects\basic_key_logger\basicKeyLogger	widget	852562	date	2011 03 02 - 11:20:24	timeStampS	1299061224.983	injected	1	session	0	block	0	trial	0	
